dataset_a,name_a,dataset_b,name_b,country,similarity,decision
qs,King Mongkut\'s Institute of Technology Ladkrabang,qs_2027,King Mongkuts Institute of Technology Ladkrabang (KMITL),Thailand,0.989,
the,University of Campania Luigi Vanvitelli,qs_2027,Universit degli Studi della Campania Luigi Vanvitelli,Italy,0.986,
the,Université de Bretagne Occidentale,qs_2027,Universit de Bretagne Occidentale,France,0.984,
qs,Auezov South Kazakhstan University,the,M. Auezov South Kazakhstan University,Kazakhstan,0.971,
qs,Università degli Studi di Perugia,qs_2027,Universit degli Studi di Perugia,Italy,0.971,
qs,S.D. Asfendiyarov Kazakh National Medical University,the,Asfendiyarov Kazakh National Medical University,Kazakhstan,0.959,
qs,Universidad Tecnológica de la Habana José Antonio Echeverría,attr,"Universidad Tecnológica de la Habana José Antonio Echeverría, Cujae",Cuba,0.948,
qs,Hungarian University of Agriculture and Life Sciences,qs_2027,MATE Hungarian University of Agriculture and Life Sciences,Hungary,0.948,
qs,"University of Rome ""Tor Vergata""",the,University of Rome II – Tor Vergata,Italy,0.947,
qs,Indian Institute of Technology Varanasi,qs_2027,Indian Institute of Technology BHU Varanasi (IIT BHU Varanasi),India,0.947,
qs,Universidade da Coruña,the,University of A Coruña,Spain,0.944,
qs,Université de Rennes 1,qs_2027,Université de Rennes,France,0.944,
qs,Pontifícia Universidade Católica do Rio Grande do Sul,qs_2027,"Pontifícia Universidade Católica do Rio Grande do Sul, PUCRS",Brazil,0.938,
the,Universidad Católica San Antonio de Murcia (UCAM),qs_2027,UCAM Universidad Católica San Antonio de Murcia,Spain,0.938,
qs,Imam Mohammad Ibn Saud Islamic University,qs_2024,Imam Mohammad Ibn Saud Islamic University – IMSIU,Saudi Arabia,0.932,
the,ZHAW Zurich University of Applied Sciences,qs_2027,Zurich University of Applied Sciences (ZHAW),Switzerland,0.932,
qs,Universidade Católica Portuguesa,the,Catholic University of Portugal,Portugal,0.931,
qs,"Trinity College Dublin, The University of Dublin",the,Trinity College Dublin,Ireland,0.93,
qs,Politecnico di Bari,the,Polytechnic University of Bari,Italy,0.93,
qs,University of ilina,the,University of Žilina,Slovakia,0.93,
qs,Jamia Hamdard,the,Jamia Hamdard University,India,0.93,
the,"St George’s, University of London",qs_2027,"City St George’s, University of London",United Kingdom,0.928,
qs,The National University of Science and Technology MISIS,the,National University of Science and Technology (MISiS),Russia,0.927,
qs,Warsaw University of Life Sciences,the,Warsaw University of Life Sciences – SGGW,Poland,0.925,
qs,Universidad de San Carlos de Guatemala,attr,Universidad de San Carlos de Guatemala - USAC,Guatemala,0.925,
the,Hamburg University of Technology,qs_2027,TUHH Hamburg University of Technology,Germany,0.921,
qs,Universidad de los Andes - Chile,the,"University of the Andes, Chile",Chile,0.917,
qs,Tecnológico de Costa Rica -TEC,the,Tecnológico de Costa Rica,Costa Rica,0.917,
qs,Universidade Federal do Estado do Rio de Janeiro,attr,Universidade Federal do Estado do Rio de Janeiro - UNIRIO,Brazil,0.914,
qs,Saken Seifullin Kazakh Agrotechnical University,qs_2027,Saken Seifullin Kazakh Agrotechnical Research University,Kazakhstan,0.913,
qs,Universiti Teknologi MARA - UiTM,the,Universiti Teknologi MARA,Malaysia,0.909,
qs,Nicolaus Copernicus University,the,Nicolaus Copernicus University in Toruń,Poland,0.909,
qs,Universidade Federal do Paraná,qs_2024,Universidade Federal do Paraná - UFPR,Brazil,0.909,
qs,Saint Petersburg Electrotechnical University,qs_2024,Saint Petersburg Electrotechnical University ETU-LETI,Russia,0.907,
qs,Ural Federal University - UrFU,the,Ural Federal University,Russia,0.902,
qs,Universidade Federal do Parà,qs_2024,Universidade Federal do Parà - UFPA,Brazil,0.902,
qs,"Siberian Federal University, SibFU",the,Siberian Federal University,Russia,0.9,
qs,Universidad de Santander,attr,Universidad de Santander - UDES,Colombia,0.889,
qs,National University of Sciences And Technology Islamabad,the,National University of Sciences and Technology,Pakistan,0.886,
qs,University at Buffalo SUNY,the,University at Buffalo,United States,0.878,
qs,Fundación Universidad De Bogotá-Jorge Tadeo Lozano,the,University of Bogotá Jorge Tadeo Lozano,Colombia,0.878,
the,University of Kaiserslautern,qs_2027,University of Kaiserslautern-Landau (RPTU),Germany,0.877,
qs,University of Massachusetts Boston,the,University of Massachusetts,United States,0.873,
qs,Goethe-University Frankfurt am Main,the,Goethe University Frankfurt,Germany,0.871,
qs,Central South University,the,University of South China,China (Mainland),0.87,
qs,Ain Shams University,qs_2027,"Ain Shams University in Cairo (ASU, Cairo)",Egypt,0.87,
qs,China University of Petroleum,qs_2027,"China University of Petroleum, Beijing",China (Mainland),0.867,
qs,University Paris 2 Panthéon-Assas,the,Panthéon-Assas University (Paris 2),France,0.862,
qs,Nanjing University of Science and Technology,the,Nanjing University of Information Science and Technology,China (Mainland),0.86,
qs,University of Massachusetts Amherst,the,University of Massachusetts,United States,0.857,
qs,University of the Pacific,attr,University of the South Pacific,United States,0.857,
qs,Kyrgyz State Technical University,qs_2027,I. Razzakov Kyrgyz State Technical University,Kyrgyzstan,0.857,
the,University of Roehampton,qs_2027,"University of Roehampton, London",United Kingdom,0.857,
the,Institut Teknologi Nasional Bandung (ITENAS Bandung),qs_2027,Institut Teknologi Bandung (ITB),Indonesia,0.852,
qs,University of Mumbai,the,"Amity University, Mumbai",India,0.85,
qs,University of South Carolina,the,University of South Carolina-Columbia,United States,0.847,
qs,Universidad de los Andes,the,"University of the Andes, Colombia",Colombia,0.844,
qs,"Kingston University, London",the,Kingston University,United Kingdom,0.844,
qs,Saveetha Institute of Medical and Technical Sciences,qs_2027,"Saveetha Institute of Medical And Technical Sciences (SIMATS) , Tamil Nadu,India",India,0.841,
qs,University of Central Lancashire,qs_2027,University of Lancashire,United Kingdom,0.84,
qs,Universidad de Córdoba - España,the,University of Córdoba,Spain,0.837,
qs,Universidad de Córdoba - España,qs_2027,Universidad de Córdoba,Spain,0.837,
qs,"Queen Margaret University , Edinburgh",the,Queen Margaret University,United Kingdom,0.833,
qs,College of William and Mary,qs_2027,Williams College,United States,0.833,
qs,Florida Atlantic University - Boca Raton,the,Florida Atlantic University,United States,0.831,
qs,Indian Institute of Science,qs_2027,Indian Institute of Science (IISc) Bangalore,India,0.828,
the,Universidad Mayor de San Simón,qs_2024,Universidad Mayor de San Simón Cochabamba,Bolivia,0.825,
qs,Universitat Politècnica de Catalunya · BarcelonaTech,the,Universitat Politècnica de Catalunya,Spain,0.821,
qs,Universidad Tecnica Particular De Loja,the,Technical University of Loja,Ecuador,0.82,
the,European University of Madrid,qs_2027,Universidad Europea,Spain,0.818,
qs,Universidad Iberoamericana IBERO,qs_2027,Universidad Iberoamericana Ciudad de México - IBERO,Mexico,0.816,
qs,Northumbria University at Newcastle,the,Northumbria University,United Kingdom,0.815,
qs,University of San Francisco,arwu,"University of California, San Francisco",United States,0.814,
qs,Queen's University at Kingston,the,Queen’s University,Canada,0.8,
qs,Radboud University,the,Radboud University Nijmegen,Netherlands,0.8,
qs,Philipps-Universität Marburg,the,University of Marburg,Germany,0.8,
qs,Southwest University,the,Southwest Petroleum University,China (Mainland),0.8,
qs,Colegio de México,qs_2027,"El Colegio de México, A.C.",Mexico,0.8,
the,University of Wuppertal,qs_2027,Bergische Universität Wuppertal,Germany,0.8,
qs,Colorado State University,the,"Colorado State University, Fort Collins",United States,0.794,
the,"UEES, Espiritu Santo University",qs_2027,"Universidad Espíritu Santo (UEES), Ecuador",Ecuador,0.794,
the,University of Denver,arwu,University of Colorado at Denver,United States,0.791,
qs,Pennsylvania State University,arwu,"Pennsylvania State University, University Park",United States,0.784,
the,University of Leoben,qs_2027,Montanuniversität Leoben,Austria,0.78,
qs,Indiana UniversityPurdue University Indianapolis,qs_2027,Indiana University Indianapolis (IU Indianapolis),United States,0.775,
arwu,University of Eastern Piedmont,attr,Amedeo Avogadro University of Eastern Piedmont,,0.771,
qs,University of Minnesota Twin Cities,the,University of Minnesota,United States,0.769,
qs,Saint-Petersburg Mining University,qs_2027,Empress Catherine II Saint Petersburg Mining University,Russia,0.764,
qs,Universitat Politècnica de València,the,University of Valencia,Spain,0.76,
qs,"ITESO, Universidad Jesuita de Guadalajara",the,University of Guadalajara,Mexico,0.759,
qs,University of Tyumen,the,Industrial University of Tyumen,Russia,0.756,
qs,Panjab University,qs_2027,"Panjab University, Chandigarh",India,0.756,
qs,Indiana University Bloomington,the,Indiana University,United States,0.75,
qs,University of Bari,the,University of Bari Aldo Moro,Italy,0.75,
qs,"City, University of London",qs_2027,"City St George’s, University of London",United Kingdom,0.746,
qs,University of Arkansas Fayetteville,the,University of Arkansas,United States,0.745,
qs,University of South Bohemia,the,University of South Bohemia in České Budějovice,Czech Republic,0.738,
qs,Ruprecht-Karls-Universität Heidelberg,the,Universität Heidelberg,Germany,0.737,
qs,Ruprecht-Karls-Universität Heidelberg,arwu,Heidelberg University,Germany,0.737,
qs,Universiti Malaysia Pahang,qs_2027,Universiti Malaysia Pahang Al-Sultan Abdullah (UMPSA),Malaysia,0.732,
the,Japan University of Economics,arwu,Shanghai University of Finance and Economics,Japan,0.73,
qs,"Manipal Academy of Higher Education, Manipal, Karnataka, India",the,Manipal Academy of Higher Education,India,0.727,
qs,University Duesseldorf,the,Heinrich Heine University Düsseldorf,Germany,0.724,
qs,Albert-Ludwigs-Universitaet Freiburg,the,University of Freiburg,Germany,0.717,
qs,Eberhard Karls Universität Tübingen,the,University of Tübingen,Germany,0.717,
qs,University of Hyderabad,the,IFHE Hyderabad,India,0.706,
qs,Eberhard Karls Universität Tübingen,arwu,University of Tuebingen,Germany,0.704,
qs,University of Pittsburgh,the,University of Pittsburgh-Pittsburgh campus,United States,0.7,
qs,Purdue University,the,Purdue University West Lafayette,United States,0.694,
arwu,University of Magdeburg,attr,Otto von Guericke University of Magdeburg,,0.69,
the,University of Greifswald,qs_2027,Ernst-Moritz-Arndt-Universität Greifswald,Germany,0.689,
qs,Karl-Franzens-Universitaet Graz,the,University of Graz,Austria,0.682,
qs,"University of Missouri, Kansas City",the,University of Arkansas,United States,0.68,
qs,Julius-Maximilians-Universität Würzburg,the,University of Würzburg,Germany,0.667,
the,University of Las Palmas de Gran Canaria,qs_2027,Universidad de Cantabria,Spain,0.667,
qs,Universitas Islam Indonesia,the,Universitas Islam Sultan Agung,Indonesia,0.655,
the,University of South Australia,qs_2027,The University of New South Wales (UNSW Sydney),Australia,0.654,
qs,Alma Mater Studiorum - University of Bologna,the,University of Bologna,Italy,0.632,
qs,M.Kh. Dulaty Taraz Regional University,the,Dulaty University,Kazakhstan,0.63,
qs,Westfälische Wilhelms-Universität Münster,the,University of Münster,Germany,0.621,
qs,Universität Jena,the,Friedrich Schiller University Jena,Germany,0.612,
arwu,University of Jena,attr,Friedrich Schiller University Jena,,0.612,
qs,University of Canterbury | Te Whare Wananga o Waitaha,the,University of Canterbury,New Zealand,0.609,
qs,Universidad de Los Andes Mérida,the,"University of the Andes, Venezuela",Venezuela,0.604,
qs,Universitatea de Vest din Timisoara / West University of Timisoara,the,West University of Timişoara,Romania,0.602,
qs,Christian-Albrechts-University zu Kiel,the,University of Kiel,Germany,0.6,
qs,Khoja Akhmet Yassawi International Kazakh-Turkish University,the,Akhmet Yassawi University,Kazakhstan,0.588,
qs,"Sofia University ""St. Kliment Ohridski""",the,Sofia University,Bulgaria,0.582,
qs,Al-Quds University,qs_2024,Al Quds University The Arab University in Jerusalem,"Palestinian Territory, Occupied",0.581,
qs,Tecnológico de Monterrey,the,University of Monterrey,Mexico,0.537,
qs,Indiana UniversityPurdue University Indianapolis,the,Indiana University,United States,0.537,
qs,Rheinische Friedrich-Wilhelms-Universität Bonn,the,University of Bonn,Germany,0.5,
qs,The New School,qs_2027,"The New School, New York City and Paris",United States,0.5,
the,LMU Munich,arwu,University of Munich,Germany,0.444,
