Kept,Removed duplicate,Removed row country
Abo Akademi University,Åbo Akademi University,
Akdeniz Üniversitesi,Akdeniz University,Turkey
Albert-Ludwigs-Universitaet Freiburg,University of Freiburg,Germany
Alma Mater Studiorum - University of Bologna,University of Bologna,Italy
Ankara Üniversitesi,Ankara University,Turkey
"Kingston University, London",Kingston University,United Kingdom
Beihang University (former BUAA),Beihang University,China (Mainland)
Bina Nusantara University (BINUS),BINUS University,Indonesia
Gazi Üniversitesi,Gazi University,Turkey
"Stony Brook University, State University of New York",Stony Brook University,United States
Central Queensland University (CQUniversity Australia),Central Queensland University,Australia
Christian-Albrechts-University zu Kiel,University of Kiel,Germany
The Chinese University of Hong Kong (CUHK),Chinese University of Hong Kong,Hong Kong SAR
College of William and Mary,William & Mary,United States
Colorado State University,"Colorado State University, Fort Collins",United States
Cracow University of Technology (Politechnika Krakowska),Cracow University of Technology,Austria
University of Tübingen,Eberhard Karls Universität Tübingen,Germany
Ecole des Ponts ParisTech,École des Ponts ParisTech,France
Universidad EAFIT,EAFIT University,Colombia
EPFL,École Polytechnique Fédérale de Lausanne,Switzerland
Erciyes Üniversitesi,Erciyes University,Turkey
ETH Zurich - Swiss Federal Institute of Technology,ETH Zurich,Switzerland
Florida Atlantic University - Boca Raton,Florida Atlantic University,United States
Freie Universitaet Berlin,Free University of Berlin,Germany
Friedrich-Alexander-Universität Erlangen-Nürnberg,University of Erlangen-Nuremberg,Germany
Humboldt-Universität zu Berlin,Humboldt University of Berlin,Germany
IPB University (a.k.a. Bogor Agricultural University),IPB University,Spain
Kindai University (Kinki University),Kindai University,Japan
Institut National des Sciences Appliquées de Lyon (INSA),National Institute of Applied Sciences of Lyon (INSA Lyon),France
Institut Teknologi Sepuluh Nopember (ITS Surabaya),Institut Teknologi Sepuluh Nopember,Indonesia
ISCTE - Instituto Universitario de Lisboa,ISCTE-University Institute of Lisbon,Portugal
Jamia Hamdard,Jamia Hamdard University,India
Jinan University (China),Jinan University,China (Mainland)
Julius-Maximilians-Universität Würzburg,University of Würzburg,Germany
Karl-Franzens-Universitaet Graz,University of Graz,Austria
Kazan (Volga region) Federal University,Kazan Federal University,
Perm State National Research University,Perm State University,Russia
Ludwig-Maximilians-Universität München,LMU Munich,Germany
"Manipal Academy of Higher Education, Manipal, Karnataka, India",Manipal Academy of Higher Education,India
Moscow Institute of Physics and Technology (MIPT / Moscow Phystech),Moscow Institute of Physics and Technology (MIPT),Russia
National Research Nuclear University MEPhI (Moscow Engineering Physics Institute),National Research Nuclear University MEPhI,
National Research University Moscow Power Engineering Institute (MPEI),Moscow Power Engineering Institute,Russia
National University of Sciences And Technology (NUST) Islamabad,National University of Sciences and Technology,Pakistan
"The University of Newcastle, Australia (UON)",University of Newcastle,Australia
Northumbria University at Newcastle,Northumbria University,United Kingdom
Pennsylvania State University,Penn State (Main campus),United States
Philipps-Universität Marburg,University of Marburg,Germany
Politecnico di Bari,Polytechnic University of Bari,Italy
Polytechnic University of Turin,Politecnico di Torino,Italy
Pontificia Universidad Católica de Valparaíso,Pontifical Catholic University of Valparaíso,Chile
Pontificia Universidad Católica del Perú,Pontifical Catholic University of Peru,Peru
Pontifícia Universidade Católica de Minas Gerais – PUC Minas,Pontifical Catholic University of Minas Gerais,Brazil
Pontifícia Universidade Católica do Rio de Janeiro,Pontifical Catholic University of Rio de Janeiro (PUC-Rio),Brazil
Pontifícia Universidade Católica do Rio Grande do Sul (PUCRS),Pontifical Catholic University of Rio Grande do Sul (PUCRS),Brazil
Queen's University at Kingston,Queen’s University,Canada
Radboud University ,Radboud University Nijmegen,Netherlands
Rheinische Friedrich-Wilhelms-Universität Bonn,University of Bonn,Germany
Universidad ICESI,Icesi University,Colombia
Ruprecht-Karls-Universität Heidelberg,Universität Heidelberg,Germany
Saint Joseph University of Beirut (USJ),Université Saint-Joseph de Beyrouth,Lebanon
Sathyabama Institute of Science and Technology (deemed to be university),Sathyabama Institute of Science and Technology,
Saveetha Institute of Medical and Technical Sciences (Deemed to be University),Saveetha Institute of Medical and Technical Sciences,
Siksha 'O' Anusandhan (Deemed to be University),Siksha ‘O’ Anusandhan,India
"Sofia University ""St. Kliment Ohridski""",Sofia University,Bulgaria
South Ural State University (National Research University),South Ural State University,Russia
Stefan cel Mare University of Suceava,Ştefan cel Mare University of Suceava,
Sungkyunkwan University(SKKU),Sungkyunkwan University (SKKU),South Korea
Universidad Politécnica de Madrid (UPM),Technical University of Madrid,Spain
Universidad Tecnica Particular De Loja (UTPL),Technical University of Loja,Ecuador
Technische Universität Berlin (TU Berlin),Technical University of Berlin,Germany
Technische Universität Braunschweig,TU Braunschweig,Germany
Technische Universität Dresden,TU Dresden,Germany
Technische Universität Kaiserslautern,University of Kaiserslautern,Germany
Technische Universität Wien,TU Wien,Austria
Tecnológico de Monterrey,Monterrey Institute of Technology,Mexico
"The ""Gheorghe Asachi"" Technical University of Iasi",Gheorghe Asachi Technical University of Iaşi,
"The National Research University ""Belgorod State University""",Belgorod State National Research University,Russia
The Ohio State University,Ohio State University (Main campus),United States
The University of New South Wales (UNSW Sydney),UNSW Sydney,Australia
"The University of Tennessee, Knoxville",The University of Tennessee-Knoxville,
Tokyo Institute of Technology (Tokyo Tech),Tokyo Institute of Technology,Japan
"Trinity College Dublin, The University of Dublin",Trinity College Dublin,Ireland
UNESP,Universidade Estadual Paulista (Unesp),Brazil
Universidad Austral de Chile,Austral University of Chile,Chile
Universidad Autónoma de Baja California,Autonomous University of Baja California,Mexico
Universidad Autónoma de Madrid,Autonomous University of Madrid,Spain
Universidad Autónoma Metropolitana (UAM),Metropolitan Autonomous University,Mexico
Universidad Carlos III de Madrid (UC3M),Carlos III University of Madrid,Spain
Universidad Católica de Temuco,Temuco Catholic University,Chile
Universidad de Alcalá,University of Alcalá,Spain
Universidad de Antioquia,University of Antioquia,Colombia
Universidad de Caldas,University of Caldas,Colombia
Universidad de Castilla-La Mancha,University of Castilla-La Mancha,Spain
Universidad de Chile,University of Chile,Chile
Universidad de Concepción,University of Concepción,Chile
Universidad de Costa Rica,University of Costa Rica,Costa Rica
Universidad de Córdoba - España,University of Córdoba,Spain
Universidad de Guadalajara (UDG),University of Guadalajara,Mexico
Universidad de Guanajuato,University of Guanajuato,Mexico
Universidad de La Frontera (UFRO),University of La Frontera,Chile
University of Havana,Universidad de La Habana,Cuba
Universidad de La Sabana,University of La Sabana,Colombia
Universidad de La Serena,University of La Serena,Chile
Universidad de las Fuerzas Armadas ESPE (Ex - Escuela Politécnica del Ejército),Universidad de las Fuerzas Armadas – ESPE,
Universidad de León,University of León,Spain
Universidad de los Andes,"University of the Andes, Colombia",Colombia
Universidad de los Andes - Chile,"University of the Andes, Chile",Chile
Universidad de Los Andes - (ULA) Mérida,"University of the Andes, Venezuela",Venezuela
Universidad de Oviedo,University of Oviedo,Spain
Universidad de Puerto Rico,University of Puerto Rico,Puerto Rico
Universidad de Santiago de Chile (USACH),"University of Santiago, Chile (USACH)",Chile
Universidad de Sevilla,University of Seville,Spain
Universidad de Sonora,University of Sonora,Mexico
Universidad de Talca,University of Talca,Chile
Universidad de Tarapaca,University of Tarapacá,Chile
Universidad de Valladolid,University of Valladolid,Spain
Universidad de Valparaíso (UV),University of Valparaíso,Chile
Universidad de Zaragoza,University of Zaragoza,Spain
Universidad del Bío-Bío,University of Bío-Bío,Chile
Universidad del Desarrollo (UDD),University of Desarrollo,Chile
Universidad del Norte ,"University of the North, Colombia",Colombia
Universidad Diego Portales (UDP),Diego Portales University,Chile
Universidad Nacional Autónoma de México (UNAM),National Autonomous University of Mexico,Mexico
"Universidad Nacional, Costa Rica",National University of Costa Rica,Costa Rica
Universidad Nacional de Colombia,National University of Colombia,Colombia
Universidad Nacional de Córdoba - UNC,National University of Córdoba,Argentina
Universidad Nacional de San Martín (UNSAM),National University of San Martín,Argentina
Universidad Tecnológica de Pereira,Technological University of Pereira,Colombia
Universidad Técnica Federico Santa María (USM),Federico Santa María Technical University,Chile
Universidade Católica Portuguesa - UCP,Catholic University of Portugal,Portugal
Universidade da Coruña ,University of A Coruña,Spain
Universidade de Brasília,University of Brasília,Brazil
Universidade de São Paulo,University of São Paulo,Brazil
Universidade de Vigo,University of Vigo,Spain
Universidade Estadual de Campinas (Unicamp),University of Campinas,Brazil
Universidade Federal de Minas Gerais,Federal University of Minas Gerais,Brazil
Universidade Federal de Pernambuco (UFPE) ,Federal University of Pernambuco,Brazil
Universidade Federal de Santa Maria,Federal University of Santa Maria,Brazil
Universidade Federal de São Carlos (UFSCar),Federal University of São Carlos,Brazil
Universidade Federal de Uberlândia,Federal University of Uberlândia,Brazil
Universidade Federal de Viçosa (UFV),Federal University of Viçosa,Brazil
Universidade Federal do Parà - UFPA,Federal University of Pará,Brazil
Universidade Federal do Rio de Janeiro,Federal University of Rio de Janeiro,Brazil
Universidade Federal do Rio Grande Do Norte,Federal University of Rio Grande do Norte (UFRN),Brazil
Universidade Nova de Lisboa,NOVA University of Lisbon,Portugal
"Universita' degli Studi ""G. d'Annunzio"" Chieti Pescara",Gabriele d‘Annunzio University,Italy
Universita' degli Studi di Ferrara,University of Ferrara,Italy
Universita' Politecnica delle Marche,Marche Polytechnic University,Italy
Universitat Autònoma de Barcelona,Autonomous University of Barcelona,Spain
Universitat de Barcelona,University of Barcelona,Spain
Universitat de Lleida,University of Lleida,Spain
Universitat de Valencia,University of Valencia,Spain
Universitat Politècnica de Catalunya · BarcelonaTech (UPC),Universitat Politècnica de Catalunya,Spain
Universitat Politècnica de València,Polytechnic University of Valencia,Spain
Universitat Pompeu Fabra (Barcelona),Pompeu Fabra University,Spain
Universitatea de Vest din Timisoara / West University of Timisoara,West University of Timişoara,Romania
Universiti Malaya (UM),University of Malaya,Malaysia
University Duesseldorf,Heinrich Heine University Düsseldorf,Germany
Universität Bremen,University of Bremen,Germany
University of Arkansas Fayetteville ,University of Arkansas,United States
Università degli studi di Bergamo,University of Bergamo,Italy
Universität Hamburg,University of Hamburg,Germany
University of Canterbury | Te Whare Wananga o Waitaha,University of Canterbury,New Zealand
Université de Liège,University of Liège,Belgium
"University of Colorado, Denver",University of Colorado Denver/Anschutz Medical Campus,United States
Université de Lorraine,University of Lorraine,France
Universität Konstanz,University of Konstanz,Germany
University of Lodz,University of Łódź,Poland
Université de Lille,University of Lille,France
Université de Fribourg,University of Fribourg,Switzerland
University of Minnesota Twin Cities,University of Minnesota,United States
"University of Missouri, Columbia",Mizzou - University of Missouri,United States
Université de Montréal ,University of Montreal,Canada
Westfälische Wilhelms-Universität Münster ,University of Münster,Germany
University of Nebraska - Lincoln,University of Nebraska-Lincoln,
University of Petroleum and Energy Studies (UPES),UPES,India
University of Potsdam,Universität Potsdam,Germany
Università degli Studi di Pavia,University of Pavia,Italy
Université de Sfax,University of Sfax,Tunisia
University of Pittsburgh,University of Pittsburgh-Pittsburgh campus,United States
Università del Salento,University of Salento,Italy
Universität Siegen,University of Siegen,Germany
University of South Bohemia,University of South Bohemia in České Budějovice,Czech Republic
Université de Sousse,University of Sousse,Tunisia
Università degli Studi della Tuscia (University of Tuscia),University of Tuscia,Italy
Università degli Studi di Udine,University of Udine,Italy
Université de Tunis,University of Tunis,Tunisia
University of Victoria (UVic),University of Victoria,Australia
Università degli studi Roma Tre,University of Rome III,Italy
Universität Jena,Friedrich Schiller University Jena,Germany
Université Côte d\'Azur,University of Côte d’Azur,France
Université de Rennes 1 (University of Rennes),University of Rennes 1,France
Université Paris-Nanterre,Paris Nanterre University,France
Université PSL,Paris Sciences et Lettres – PSL Research University Paris,France
Vellore Institute of Technology (VIT),VIT University,India
Yonsei University,Yonsei University (Seoul campus),South Korea
Zürcher Hochschule Winterthur,ZHAW Zurich University of Applied Sciences,Switzerland
