Institution_Name,Country,local_original,local_now,local_status,international_original,international_now,international_status,Best_Rank_QS_or_THE
Charité - Universitätsmedizin Berlin,Germany,,,empty,,,empty,94
Qatar University,Qatar,"6,500",,needs research,"6,500",,needs research,122
Universiti Kebangsaan Malaysia,Malaysia,"1,500",,needs research,"3,500",,needs research,138
Universiti Sains Malaysia,Malaysia,"1,600",,needs research,"$3,125 – $27,500","$3,125 – $27,500",ok,146
Universiti Putra Malaysia,Malaysia,"1,500",,needs research,"$4,600","$4,600",ok,148
Indian Institute of Technology Delhi (IITD),India,"$2,480","$2,480",ok," 11,884 – 15,958",,needs research,150
Al-Farabi Kazakh National University,Kazakhstan,"2,200 - 3,500",,needs research," 3,000 - 5,000",,needs research,163
University of Cape Town,South Africa,"$2,420 – $6,000","$2,420 – $6,000",ok,"6,335",,needs research,167
Universiti Teknologi Malaysia,Malaysia,"560 – 2,000",,needs research,"$3,620 – $4,370","$3,620 – $4,370",ok,181
University of Gothenburg,Sweden,$0,$0,ok," 7,500 - 17,200",,needs research,194
Indian Institute of Science,India,"$920 – $1,160","$920 – $1,160",ok," 600 - 3,600",,needs research,201
Swinburne University of Technology,Australia,"$2,890 – $11,040","$2,890 – $11,040",ok,,,empty,201
Ecole des Ponts ParisTech,France,"3,322",,needs research,"6,644",,needs research,205
National Cheng Kung University (NCKU),Taiwan,"1,600",,needs research,"3,500",,needs research,215
National Yang Ming Chiao Tung University,Taiwan,"3,300 – 4,000",,needs research," 2,274 – 4,830",,needs research,219
Universidad Nacional de Colombia,Colombia,$0,$0,ok,"1,093",,needs research,219
Indian Institute of Technology Kharagpur (IIT-KGP),India,"$3,420","$3,420",ok,"12,000",,needs research,222
Chulalongkorn University,Thailand,"2,000",,needs research,"4,200",,needs research,229
University of Waikato,New Zealand,"6,100",,needs research,"$11,800 – $17,700","$11,800 – $17,700",ok,235
Massey University,New Zealand,,,empty,"$12,980 – $20,060","$12,980 – $20,060",ok,239
Victoria University of Wellington,New Zealand,,,empty,"$14,160 – $21,240","$14,160 – $21,240",ok,244
University of Navarra,Spain,,,empty,,,empty,249
RCSI University of Medicine and Health Sciences,Ireland,,,empty,"$28,250 – $68,930","$28,250 – $68,930",ok,251
Sejong University,South Korea,,,empty,,,empty,251
Semmelweis University,Hungary,,,empty,"$19,900","$19,900",ok,251
Taylor's University,Malaysia,25000,,needs research,35000,,needs research,251
Indian Institute of Technology Kanpur (IITK),India,"$2,580","$2,580",ok,3000,,needs research,263
UCSI University,Malaysia,"~6,000",,needs research," ~7,000",,needs research,265
Dalhousie University,Canada,,,empty,"$27,350 – $34,990","$27,350 – $34,990",ok,275
Stellenbosch University,South Africa,"$3,180 – $4,490","$3,180 – $4,490",ok,5000,,needs research,296
Bauman Moscow State Technical University,Russia,4500,,needs research,"$3,120","$3,120",ok,298
"China Medical University, Taiwan",Taiwan,,,empty,"$3,530 – $8,960","$3,530 – $8,960",ok,301
Montpellier University,France,$200,$200,ok," 2,900 - 4,100",,needs research,301
Oregon Health and Science University,United States,"$28,929","$28,929",ok,,,empty,301
"St George’s, University of London",United Kingdom,"$12,920","$12,920",ok,,,empty,301
Swedish University of Agricultural Sciences,Sweden,$0,$0,ok,,,empty,301
University of Dundee,United Kingdom,"$2,400 – $12,920","$2,400 – $12,920",ok,"27,000",,needs research,301
University of Rome II – Tor Vergata,Italy,,,empty,,,empty,301
University of the Witwatersrand,South Africa,"$2,640 – $4,690","$2,640 – $4,690",ok, ~5500,,needs research,301
University of Johannesburg,South Africa,"$2,370 – $4,680","$2,370 – $4,680",ok,2500,,needs research,312
Quaid-i-Azam University,Pakistan,$360 – $650,$360 – $650,ok,600,,needs research,315
RUDN University,Russia,3605,,needs research,"$4,300 – $4,900","$4,300 – $4,900",ok,316
L.N. Gumilyov Eurasian National University,Kazakhstan,2271,,needs research,2271,,needs research,321
Universidad Politécnica de Madrid (UPM),Spain,"$1,150 – $1,400","$1,150 – $1,400",ok,3000,,needs research,321
Istanbul Technical University,Turkey,$0,$0,ok,2500,,needs research,326
University of Delhi,India,$92 – $340,$92 – $340,ok,132000,,needs research,328
Aix-Marseille University,France,$200,$200,ok," 3,050-4,150",,needs research,351
Chongqing University,China (Mainland),$560 – $900,$560 – $900,ok," 2,100-4,300",,needs research,351
Hunan University,China (Mainland),$560 – $900,$560 – $900,ok," 2,500 - 4,500",,needs research,351
Southern Medical University,China (Mainland),$560 – $900,$560 – $900,ok,,,empty,351
Aston University,United Kingdom,"$12,920","$12,920",ok," 22,230-29,185",,needs research,401
Centrale Nantes,France,,,empty,,,empty,401
Federal University of Toulouse Midi-Pyrénées,France,$200,$200,ok,,,empty,401
IMT Atlantique,France,,,empty,"$5,480","$5,480",ok,401
Institut Agro,France,,,empty,,,empty,401
Iran University of Science and Technology,"Iran, Islamic Republic of",$0,$0,ok," 1,500-3,500",,needs research,401
National Research Nuclear University MEPhI (Moscow Engineering Physics Institute),Russia,"4,500-7,500",,needs research," 4,500-7,500",,needs research,401
University of Jyväskylä,Finland,$0,$0,ok," 8,640-12,960",,needs research,401
"Birkbeck, University of London",United Kingdom,"$12,920","$12,920",ok,,,empty,408
Oxford Brookes University,United Kingdom,"$12,920","$12,920",ok,"22,126",,needs research,416
National Taipei University of Technology,Taiwan,"3,400-3,800",,needs research," 3,400-3,800",,needs research,425
IPB University (a.k.a. Bogor Agricultural University),Indonesia,"0-1,600",,needs research," 1,600-4,000",,needs research,426
University of Science and Technology Beijing,China (Mainland),$560 – $900,$560 – $900,ok," 3,500-11,000",,needs research,430
Tomsk State University,Russia,"2,000-4,500",,needs research,"$2,290 – $4,370","$2,290 – $4,370",ok,431
Universitat Politècnica de València,Spain,"$1,180","$1,180",ok," 2,500-4,000",,needs research,436
Vilnius University,Lithuania,"2,600-14,000",,needs research,"$4,140 – $6,780","$4,140 – $6,780",ok,439
Università degli Studi di Pavia,Italy,"156 - 4,500",,needs research," 400 - 4,500",,needs research,440
Novosibirsk State University,Russia,"1,500 - 4,500",,needs research,"$4,500","$4,500",ok,442
Universitat Ramon Llull,Spain,"10,300-21,100",,needs research," 10,300-21,100",,needs research,466
Ben-Gurion University of the Negev,Israel,"$3,360 – $4,550","$3,360 – $4,550",ok," 10,600-11,200",,needs research,471
Indian Institute of Technology Indore (IIT Indore),India,"$2,850","$2,850",ok," 7,200-8,500",,needs research,477
China Agricultural University ,China (Mainland),$560 – $900,$560 – $900,ok," 2,800-4,200",,needs research,484
Isfahan University of Technology,"Iran, Islamic Republic of",$0,$0,ok," 1,500-4,000",,needs research,489
Duy Tan University,Vietnam,"720-3,500",,needs research," 1,000-4,000",,needs research,495
Universidad de Costa Rica,Costa Rica,"1,000-2,500",,needs research," 1,500-3,500",,needs research,497
Anglia Ruskin University (ARU),United Kingdom,"$12,920","$12,920",ok,,,empty,501
Babol Noshirvani University of Technology,"Iran, Islamic Republic of",$0,$0,ok,,,empty,501
ENSTA Bretagne,France,,,empty,,,empty,501
Mahatma Gandhi University,India,$400,$400,ok,,,empty,501
National Yunlin University of Science and Technology,Taiwan,,,empty,,,empty,501
Rush University,United States,,,empty,,,empty,501
Shiraz University of Technology,"Iran, Islamic Republic of",$0,$0,ok,,,empty,501
Tabriz University of Medical Sciences,"Iran, Islamic Republic of",$0,$0,ok,,,empty,501
Taif University,Saudi Arabia,$0,$0,ok,,,empty,501
University of Nebraska Medical Center,United States,,,empty,,,empty,501
Zhengzhou University,China (Mainland),$560 – $900,$560 – $900,ok,,,empty,511
Abdul Wali Khan University Mardan,Pakistan,,,empty,,,empty,601
Air University,Pakistan,"$1,150","$1,150",ok,,,empty,601
Alagappa University,India,,,empty,,,empty,601
Babol University of Medical Sciences,"Iran, Islamic Republic of",$0,$0,ok,,,empty,601
Bharathiar University,India,,,empty,,,empty,601
Cankaya University,Turkey,,,empty,,,empty,601
Capital Medical University,China (Mainland),$560 – $900,$560 – $900,ok,,,empty,601
Capital University of Science and Technology,Pakistan,$680,$680,ok,,,empty,601
Egypt-Japan University of Science and Technology (E-JUST),Egypt,,,empty,,,empty,601
Government College University Faisalabad,Pakistan,$240,$240,ok,,,empty,601
Guangdong University of Technology,China (Mainland),$560 – $900,$560 – $900,ok,,,empty,601
Harokopio University of Athens,Greece,$0,$0,ok,,,empty,601
Indian Institute of Technology (Indian School of Mines) Dhanbad,India,"$2,300","$2,300",ok,,,empty,601
Indian Institute of Technology Patna,India,"$2,610","$2,610",ok,,,empty,601
"International Institute of Information Technology, Hyderabad",India,"$5,180","$5,180",ok,,,empty,601
Iran University of Medical Sciences,"Iran, Islamic Republic of",$0,$0,ok,,,empty,601
KIIT University,India,"$4,020","$4,020",ok,,,empty,601
Kashan University of Medical Sciences and Health Services,"Iran, Islamic Republic of",$0,$0,ok,,,empty,601
King Saud bin Abdulaziz University for Health Sciences,Saudi Arabia,$0,$0,ok,,,empty,601
Kurdistan University of Medical Sciences,"Iran, Islamic Republic of",$0,$0,ok,,,empty,601
Malaviya National Institute of Technology,India,"$1,440","$1,440",ok,,,empty,601
Mashhad University of Medical Sciences,"Iran, Islamic Republic of",$0,$0,ok,,,empty,601
Mazandaran University of Medical Sciences,"Iran, Islamic Republic of",$0,$0,ok,,,empty,601
Nanjing Forestry University,China (Mainland),$560 – $900,$560 – $900,ok,,,empty,601
Nanjing Tech University,China (Mainland),$560 – $900,$560 – $900,ok,,,empty,601
National Institute of Technology Rourkela,India,"$1,440","$1,440",ok,,,empty,601
National Institute of Technology Silchar,India,"$1,440","$1,440",ok,,,empty,601
Near East University,Northern Cyprus,,,empty,"$6,330 – $14,240","$6,330 – $14,240",ok,601
Prince Sattam Bin Abdulaziz University,Saudi Arabia,$0,$0,ok,,,empty,601
Qazvin University of Medical Sciences,"Iran, Islamic Republic of",$0,$0,ok,,,empty,601
Qingdao University,China (Mainland),$560 – $900,$560 – $900,ok,,,empty,601
Roskilde University,Denmark,$0,$0,ok,,,empty,601
SRUC (Scotland’s Rural College),United Kingdom,"$2,400 – $12,920","$2,400 – $12,920",ok,,,empty,601
Saveetha Institute of Medical and Technical Sciences (Deemed to be University),India,"$2,500 – $5,000","$2,500 – $5,000",ok,$300 – $600,,removed: far below local fee,601
Shahid Beheshti University of Medical Sciences,"Iran, Islamic Republic of",$0,$0,ok,,,empty,601
South China Normal University,China (Mainland),$560 – $900,$560 – $900,ok,,,empty,601
The Open University,United Kingdom,,,empty,,,empty,601
University of Cape Coast,Ghana,,,empty,,,empty,601
"University of Engineering and Technology, Taxila",Pakistan,"$630 – $1,150","$630 – $1,150",ok,,,empty,601
University of Kashan,"Iran, Islamic Republic of",$0,$0,ok,,,empty,601
Urmia University of Medical Sciences,"Iran, Islamic Republic of",$0,$0,ok,,,empty,601
Xidian University,China (Mainland),$560 – $900,$560 – $900,ok,,,empty,601
Zhejiang Normal University,China (Mainland),$560 – $900,$560 – $900,ok,,,empty,601
École Nationale des Travaux Publics de l'État (ENTPE),France,,,empty,,,empty,601
Örebro University,Sweden,$0,$0,ok,,,empty,601
China University of Petroleum (East China),China (Mainland),$560 – $900,$560 – $900,ok,,,empty,631
Universidad Central de Venezuela,,$0,$0,ok,,,empty,691
Universidad Panamericana (UP),Mexico,,,empty,,,empty,691
Ahvaz Jundishapur University of Medical Sciences (AJUMS),"Iran, Islamic Republic of",$0,$0,ok,,,empty,801
Arak University of Medical Sciences,"Iran, Islamic Republic of",$0,$0,ok,,,empty,801
Arts et Métiers,France,,,empty,,,empty,801
Aswan University,Egypt,,,empty,,,empty,801
Bahria University,Pakistan,$720 – $940,$720 – $940,ok,,,empty,801
Bahçeşehir University,Turkey,,,empty,"$5,950 – $27,000","$5,950 – $27,000",ok,801
Bucharest University of Economic Studies,Romania,,,empty,,,empty,801
Changsha University of Science and Technology,China (Mainland),$560 – $900,$560 – $900,ok,,,empty,801
Chengdu University,China (Mainland),$560 – $900,$560 – $900,ok,,,empty,801
Covenant University,Nigeria,"$1,110 – $1,310","$1,110 – $1,310",ok,,,empty,801
Damietta University,Egypt,,,empty,,,empty,801
Delhi Technological University,India,"$3,190","$3,190",ok,,,empty,801
Gorgan University of Agricultural Sciences and Natural Resources,"Iran, Islamic Republic of",$0,$0,ok,,,empty,801
Guangzhou Medical University,China (Mainland),$560 – $900,$560 – $900,ok,,,empty,801
Guangzhou University,China (Mainland),$560 – $900,$560 – $900,ok,,,empty,801
Guilan University of Medical Sciences,"Iran, Islamic Republic of",$0,$0,ok,,,empty,801
Hazara University Mansehra,Pakistan,,,empty,,,empty,801
Ilam University of Medical Sciences,"Iran, Islamic Republic of",$0,$0,ok,,,empty,801
"Indian Institute of Science Education and Research, Pune",India,,,empty,,,empty,801
Indian Institute of Technology Gandhinagar,India,"$2,960","$2,960",ok,,,empty,801
Indraprastha Institute of Information Technology Delhi,India,"$5,180 – $5,750","$5,180 – $5,750",ok,,,empty,801
Institute of Chemical Technology,India,,,empty,,,empty,801
Institute of Space Technology,Pakistan,"$1,080 – $1,440","$1,080 – $1,440",ok,,,empty,801
Isfahan University of Medical Sciences,"Iran, Islamic Republic of",$0,$0,ok,,,empty,801
Islamia College Peshawar,Pakistan,,,empty,,,empty,801
JSS Academy of Higher Education and Research,India,,,empty,,,empty,801
Jaume I University,Spain,"$880 – $1,220","$880 – $1,220",ok,,,empty,801
Jawaharlal Nehru Technological University Anantapur (JNTUA),India,,,empty,,,empty,801
Jaypee University of Information Technology,India,"$2,250","$2,250",ok,,,empty,801
Jazan University,Saudi Arabia,$0,$0,ok,,,empty,801
Jiangnan University,China (Mainland),$560 – $900,$560 – $900,ok,,,empty,801
Kafrelsheikh University,Egypt,,,empty,,,empty,801
Kalasalingam Academy of Research and Education,India,"$1,290","$1,290",ok,,,empty,801
Kaohsiung Medical University,Taiwan,,,empty,,,empty,801
King Mongkut’s University of Technology Thonburi,Thailand,"$3,000 – $5,500","$3,000 – $5,500",ok,$500 – $850,,removed: far below local fee,801
Kore University of Enna,Italy,,,empty,,,empty,801
Lakehead University,Canada,,,empty,,,empty,801
Lithuanian University of Health Sciences,Lithuania,,,empty,"$5,650 – $14,240","$5,650 – $14,240",ok,801
Lovely Professional University,India,"$3,220 – $4,600","$3,220 – $4,600",ok,,,empty,801
Mansoura University,Egypt,"$4,000 – $6,000","$4,000 – $6,000",ok,$300 – $550,,removed: far below local fee,801
Medical University of Lodz,Poland,$0,$0,ok,,,empty,801
Nanjing Medical University,China (Mainland),$560 – $900,$560 – $900,ok,,,empty,801
North China Electric Power University,China (Mainland),$560 – $900,$560 – $900,ok,,,empty,801
North South University,Bangladesh,"$3,500 – $4,500","$3,500 – $4,500",ok,$350 – $650,,removed: far below local fee,801
Northeast Normal University,China (Mainland),$560 – $900,$560 – $900,ok,,,empty,801
Ozyegin University,Turkey,,,empty,"$16,500 – $25,000","$16,500 – $25,000",ok,801
Pablo de Olavide University,Spain,$860,$860,ok,,,empty,801
Qom University of Medical Sciences,"Iran, Islamic Republic of",$0,$0,ok,,,empty,801
Reichman University,Israel,,,empty,"$18,200 – $18,500","$18,200 – $18,500",ok,801
Shahrekord University of Medical Sciences,"Iran, Islamic Republic of",$0,$0,ok,,,empty,801
Shantou University,China (Mainland),$560 – $900,$560 – $900,ok,5000,,needs research,801
Shiraz University of Medical Sciences,"Iran, Islamic Republic of",$0,$0,ok,,,empty,801
Shri Mata Vaishno Devi University,India,,,empty,,,empty,801
Tokyo Medical University,Japan,,,empty,,,empty,801
Tomsk Polytechnic University,Russia,,,empty,,,empty,801
University of Clermont Auvergne,France,$200,$200,ok,,,empty,801
University of Girona,Spain,"$1,200","$1,200",ok,,,empty,801
University of Indonesia,Indonesia,"760 - 5,000",,needs research,"$1,950","$1,950",ok,801
University of Jaén,Spain,$860,$860,ok,,,empty,801
University of Kurdistan,"Iran, Islamic Republic of",$0,$0,ok,,,empty,801
University of Malakand,Pakistan,,,empty,,,empty,801
University of Management and Technology,Pakistan,,,empty,,,empty,801
University of Mohaghegh Ardabili,"Iran, Islamic Republic of",$0,$0,ok,,,empty,801
University of Northern British Columbia (UNBC),Canada,,,empty,,,empty,801
"University of Technology, Iraq",Iraq,$0,$0,ok,,,empty,801
University of Tours,France,$200,$200,ok,,,empty,801
University of Trás-os-Montes and Alto Douro,Portugal,$790,$790,ok,,,empty,801
"University of Veterinary and Animal Sciences, Lahore",Pakistan,,,empty,,,empty,801
University of la Costa,Colombia,,,empty,,,empty,801
University of the Aegean,Greece,$0,$0,ok,,,empty,801
University of the Balearic Islands,Spain,"$790 – $1,490","$790 – $1,490",ok,,,empty,801
Université de Bretagne Occidentale,France,$200,$200,ok,,,empty,801
Urmia University,"Iran, Islamic Republic of",$0,$0,ok,,,empty,801
Wenzhou Medical University,China (Mainland),$560 – $900,$560 – $900,ok,,,empty,801
Wenzhou University,China (Mainland),$560 – $900,$560 – $900,ok,,,empty,801
Zagazig University,Egypt,Subsidized,,needs research,"~$1,701 – $6,000 (Free-Apply)","$1,701 – $6,000",ok,801
Zhejiang Gongshang University,China (Mainland),$560 – $900,$560 – $900,ok,,,empty,801
Poznań University of Life Sciences,Poland,$0,$0,ok,,,empty,851
"Vietnam National University, Hanoi",Vietnam,"$2,400 – $2,500","$2,400 – $2,500",ok,$400 – $600,,removed: far below local fee,851
Vilnius Gediminas Technical University (Vilnius Tech),Lithuania,"$4,170 – $13,400","$4,170 – $13,400",ok,$600 – $900,,removed: far below local fee,851
Beijing Jiaotong University,China (Mainland),"$3,500 – $4,800","$3,500 – $4,800",ok,"$600 – $1,000",,removed: far below local fee,901
Future University in Egypt,Egypt,"$7,120 – $11,000","$7,120 – $11,000",ok,$500 – $850,,removed: far below local fee,901
Georgian Technical University,Georgia,"$3,200 – $4,500","$3,200 – $4,500",ok,$400 – $700,,removed: far below local fee,901
German Jordanian University,Jordan,"$5,000 – $7,500","$5,000 – $7,500",ok,"$700 – $1,100",,removed: far below local fee,901
"Manipal Academy of Higher Education, Manipal, Karnataka, India",India,,,empty,$300 – $600,$300 – $600,ok,901
Ritsumeikan Asia Pacific University,Japan,"$8,500 – $10,500","$8,500 – $10,500",ok,"$800 – $1,100",,removed: far below local fee,901
"Universidad Central ""Marta Abreu"" de Las Villas",Cuba,"$2,500 – $4,500","$2,500 – $4,500",ok,$200 – $450,,removed: far below local fee,901
Universidad EAFIT,Colombia,"$5,500 – $9,000","$5,500 – $9,000",ok,$600 – $950,,removed: far below local fee,901
Universidad Externado de Colombia,Colombia,"$4,500 – $8,500","$4,500 – $8,500",ok,"$650 – $1,000",,removed: far below local fee,901
Universidad Pontificia Bolivariana (UPB),Colombia,"$4,000 – $7,500","$4,000 – $7,500",ok,$550 – $900,,removed: far below local fee,901
University of Nairobi,Kenya,"$2,500 – $4,500","$2,500 – $4,500",ok,$400 – $750,,removed: far below local fee,901
University of Peshawar,Pakistan,"$1,500 – $2,500","$1,500 – $2,500",ok,$200 – $400,,removed: far below local fee,901
Baku State University,Azerbaijan,"$2,500 – $3,500","$2,500 – $3,500",ok,$400 – $700,,removed: far below local fee,951
Bina Nusantara University (BINUS),Indonesia,"$4,000 – $6,500","$4,000 – $6,500",ok,$450 – $800,,removed: far below local fee,951
Financial University under the Government of the Russian Federation,Russia,,,empty,$600 – $950,$600 – $950,ok,951
Hallym University,South Korea,"$7,000 – $9,000","$7,000 – $9,000",ok,"$650 – $1,000",,removed: far below local fee,951
Indian Institute of Technology Bhubaneswar,India,"$2,500 – $7,000","$2,500 – $7,000",ok,$250 – $500,,removed: far below local fee,951
Instituto Tecnológico de Buenos Aires (ITBA),Argentina,"$8,998 – $24,260","$8,998 – $24,260",ok,$600 – $900,,removed: far below local fee,951
Khon Kaen University,Thailand,"$2,500 – $4,500","$2,500 – $4,500",ok,$400 – $650,,removed: far below local fee,951
Pontificia Universidad Católica del Ecuador,Ecuador,"$3,500 – $6,500","$3,500 – $6,500",ok,$500 – $800,,removed: far below local fee,951
Rhodes University,South Africa,"$3,500 – $5,000","$3,500 – $5,000",ok,$450 – $750,,removed: far below local fee,951
Riga Stradiņš University,Latvia,"$9,500 – $14,000","$9,500 – $14,000",ok,"$650 – $1,000",,removed: far below local fee,951
S.D. Asfendiyarov Kazakh National Medical University,Kazakhstan,"$4,500 – $8,000","$4,500 – $8,000",ok,$400 – $700,,removed: far below local fee,951
Southern Federal University,Russia,"$2,500 – $4,500","$2,500 – $4,500",ok,$400 – $700,,removed: far below local fee,951
Universidad Torcuato Di Tella,Argentina,"$12,000 – $18,000","$12,000 – $18,000",ok,"$700 – $1,100",,removed: far below local fee,951
Universidad Técnica Federico Santa María (USM),Chile,"$5,500 – $8,500","$5,500 – $8,500",ok,"$650 – $1,000",,removed: far below local fee,951
Universidad de La Sabana,Colombia,"$4,500 – $8,500","$4,500 – $8,500",ok,"$650 – $1,000",,removed: far below local fee,951
Universidad de San Andrés - UdeSA,Argentina,"$12,000 – $18,000","$12,000 – $18,000",ok,"$700 – $1,100",,removed: far below local fee,951
University of Bahrain,Bahrain,"$4,000 – $8,000","$4,000 – $8,000",ok,"$600 – $1,000",,removed: far below local fee,951
University of Colombo,Sri Lanka,$0,$0,ok,,,empty,951
AGH University of Krakow,Poland,$0,$0,ok,,,empty,1001
Aichi Medical University,Japan,,,empty,,,empty,1001
Assiut University,Egypt,Highly Subsidized,,needs research,"~$2,000 – $4,000","$2,000 – $4,000",ok,1001
Azarbaijan Shahid Madani University,"Iran, Islamic Republic of",$0,$0,ok,,,empty,1001
Bangladesh Agricultural University (BAU),Bangladesh,,,empty,,,empty,1001
Bartin University,Turkey,$0,$0,ok,,,empty,1001
Benha University,Egypt,,,empty,,,empty,1001
Beni-Suef University,Egypt,,,empty,,,empty,1001
China Pharmaceutical University,China (Mainland),$560 – $900,$560 – $900,ok,,,empty,1001
Democritus University of Thrace,Greece,$0,$0,ok,,,empty,1001
Dr B.R. Ambedkar National Institute of Technology Jalandhar,India,"$1,440","$1,440",ok,,,empty,1001
Durban University of Technology,South Africa,,,empty,,,empty,1001
Edge Hill University,United Kingdom,"$12,920","$12,920",ok,,,empty,1001
European University of Madrid,Spain,,,empty,,,empty,1001
Fayoum University,Egypt,,,empty,,,empty,1001
Federal University of Technology Akure,Nigeria,,,empty,,,empty,1001
Firat University,Turkey,$0,$0,ok,,,empty,1001
Florida Agricultural and Mechanical University,United States,,,empty,,,empty,1001
Fujita Health University,Japan,,,empty,,,empty,1001
GLA University,India,"$2,130 – $2,640","$2,130 – $2,640",ok,,,empty,1001
Gauhati University,India,,,empty,,,empty,1001
Guru Ghasidas Vishwavidyalaya,India,,,empty,,,empty,1001
Hakim Sabzevari University,"Iran, Islamic Republic of",$0,$0,ok,,,empty,1001
Huaqiao University,China (Mainland),$560 – $900,$560 – $900,ok,,,empty,1001
Indian Institute of Science Education and Research Kolkata,India,,,empty,,,empty,1001
Indian Institute of Technology Mandi,India,"$2,300","$2,300",ok,"10,000",,needs research,1001
Istanbul University-Cerrahpaşa,Turkey,$0,$0,ok,,,empty,1001
Iuliu Haţieganu University of Medicine and Pharmacy Cluj-Napoca,Romania,$0,$0,ok,,,empty,1001
Jimma University,Ethiopia,,,empty,,,empty,1001
Karlstad University,Sweden,$0,$0,ok,,,empty,1001
Karnatak University Dharwad,India,,,empty,,,empty,1001
Kerman University of Medical Sciences,"Iran, Islamic Republic of",$0,$0,ok,,,empty,1001
Kohat University of Science and Technology,Pakistan,$170,$170,ok,,,empty,1001
Kurume University,Japan,,,empty,,,empty,1001
Lorestan University,"Iran, Islamic Republic of",$0,$0,ok,,,empty,1001
Mae Fah Luang University,Thailand,,,empty,,,empty,1001
Maharishi Markandeshwar University (MMU),India,,,empty,,,empty,1001
Medical University of Gdańsk,Poland,$0,$0,ok,,,empty,1001
Medical University of Warsaw,Poland,$0,$0,ok,,,empty,1001
"Mehran University of Engineering and Technology, Jamshoro, Pakistan",Pakistan,$280,$280,ok,,,empty,1001
Miguel Hernández University of Elche,Spain,"$790 – $1,490","$790 – $1,490",ok,,,empty,1001
Ming Chi University of Technology,Taiwan,,,empty,,,empty,1001
Minia University,Egypt,,,empty,,,empty,1001
Mirpur University of Science and Technology,Pakistan,,,empty,,,empty,1001
Muhimbili University of Health and Allied Sciences,Tanzania,,,empty,,,empty,1001
Najran University,Saudi Arabia,$0,$0,ok,,,empty,1001
National Institute of Technology Warangal,India,"$1,440","$1,440",ok,,,empty,1001
Necmettin Erbakan University,Turkey,$0,$0,ok,,,empty,1001
Nile University,Egypt,,,empty,,,empty,1001
Northwest University,China (Mainland),$560 – $900,$560 – $900,ok,,,empty,1001
PMAS Arid Agriculture University Rawalpindi,Pakistan,$330,$330,ok,,,empty,1001
Public University of Navarre,Spain,"$790 – $1,490","$790 – $1,490",ok,,,empty,1001
Razi University,"Iran, Islamic Republic of",$0,$0,ok,,,empty,1001
SRM Institute of Science and Technology,India,"$2,010 – $3,450","$2,010 – $3,450",ok,,,empty,1001
SWPS University of Social Sciences and Humanities,Poland,,,empty,"$3,730 – $3,890","$3,730 – $3,890",ok,1001
Sahand University of Technology,"Iran, Islamic Republic of",$0,$0,ok,,,empty,1001
Semnan University,"Iran, Islamic Republic of",$0,$0,ok,,,empty,1001
Shahrekord University,"Iran, Islamic Republic of",$0,$0,ok,,,empty,1001
Shahrood University of Technology,"Iran, Islamic Republic of",$0,$0,ok,,,empty,1001
Shanghai Maritime University,China (Mainland),$560 – $900,$560 – $900,ok,,,empty,1001
Sidi Mohamed Ben Abdellah University,Morocco,$0,$0,ok,,,empty,1001
Staffordshire University,United Kingdom,"$12,920","$12,920",ok,,,empty,1001
Suez Canal University,Egypt,Subsidized,,needs research,"~$2,000 – $4,500","$2,000 – $4,500",ok,1001
Suez University,Egypt,,,empty,,,empty,1001
TOBB University of Economics and Technology,Turkey,"$24,180 – $33,850","$24,180 – $33,850",ok,,,empty,1001
Tanta University,Egypt,Subsidized,,needs research,"~$2,000 – $4,500","$2,000 – $4,500",ok,1001
Technical University of Cartagena,Spain,"$790 – $1,490","$790 – $1,490",ok,,,empty,1001
Teesside University,United Kingdom,"$12,920","$12,920",ok,,,empty,1001
Texas State University,United States,,,empty,,,empty,1001
The Islamia University of Bahawalpur,Pakistan,$310,$310,ok,,,empty,1001
The University of the West Indies,Jamaica,,,empty,"$15,000","$15,000",ok,1001
Toyota Technological Institute,Japan,,,empty,,,empty,1001
USAMV Cluj-Napoca,Romania,$0,$0,ok,,,empty,1001
University of Almería,Spain,$860,$860,ok,,,empty,1001
University of Bedfordshire,United Kingdom,"$12,920","$12,920",ok,,,empty,1001
University of Cadiz,Spain,$860,$860,ok,,,empty,1001
"University of Engineering and Technology, Peshawar",Pakistan,$520,$520,ok,,,empty,1001
University of Extremadura,Spain,"$790 – $1,490","$790 – $1,490",ok,,,empty,1001
University of Gujrat,Pakistan,,,empty,,,empty,1001
University of Isfahan,"Iran, Islamic Republic of",$0,$0,ok,,,empty,1001
University of Jeddah,Saudi Arabia,,,empty,,,empty,1001
University of Khartoum,Sudan,Subsidized,,needs research,"~$2,500 – $5,000","$2,500 – $5,000",ok,1001
University of La Laguna,Spain,"$790 – $1,490","$790 – $1,490",ok,,,empty,1001
University of Las Palmas de Gran Canaria,Spain,"$790 – $1,490","$790 – $1,490",ok,,,empty,1001
University of Malaga,Spain,$860,$860,ok,,,empty,1001
University of Maragheh,"Iran, Islamic Republic of",$0,$0,ok,,,empty,1001
University of Mazandaran,"Iran, Islamic Republic of",$0,$0,ok,,,empty,1001
"University of Occupational and Environmental Health, Japan",Japan,,,empty,,,empty,1001
University of Sargodha,Pakistan,$220,$220,ok,,,empty,1001
University of Social Welfare and Rehabilitation Sciences,"Iran, Islamic Republic of",$0,$0,ok,,,empty,1001
University of South Dakota,United States,,,empty,,,empty,1001
University of South Wales,United Kingdom,"$12,590","$12,590",ok,,,empty,1001
University of Technology of Troyes,France,$710,$710,ok,,,empty,1001
University of West London,United Kingdom,"$12,920","$12,920",ok,,,empty,1001
University of Winchester,United Kingdom,"$12,920","$12,920",ok,,,empty,1001
University of the South Pacific,Fiji,,,empty,,,empty,1001
Université Djillali Liabès de Sidi Bel-Abbès,Algeria,$0,$0,ok,,,empty,1001
Urmia University of Technology,"Iran, Islamic Republic of",,,empty,,,empty,1001
Yazd University,"Iran, Islamic Republic of",$0,$0,ok,,,empty,1001
Zewail City of Science and Technology,Egypt,,,empty,,,empty,1001
Zhejiang University of Finance and Economics,China (Mainland),$560 – $900,$560 – $900,ok,,,empty,1001
​Shahid Chamran University of Ahvaz,"Iran, Islamic Republic of",$0,$0,ok,,,empty,1001
Acharya Nagarjuna University,India,,,empty,,,empty,1201
Al-Nahrain University,Iraq,$0,$0,ok,,,empty,1201
Allameh Tabataba ’i University,"Iran, Islamic Republic of",$0,$0,ok,,,empty,1201
Ariel University,Israel,,,empty,,,empty,1201
Atılım University,Turkey,,,empty,"$14,000 – $26,000","$14,000 – $26,000",ok,1201
Autonomous University of Sinaloa,Mexico,,,empty,,,empty,1201
B. S. Abdur Rahman Crescent Institute of Science and Technology,India,,,empty,,,empty,1201
Banasthali University,India,"$2,210","$2,210",ok,,,empty,1201
Bayero University,Nigeria,,,empty,,,empty,1201
Bezmiâlem Vakif University,Turkey,,,empty,,,empty,1201
Botswana International University of Science and Technology (BIUST),Botswana,,,empty,,,empty,1201
Bu-Ali Sina University,"Iran, Islamic Republic of",$0,$0,ok,,,empty,1201
Cardiff Metropolitan University,United Kingdom,"$12,590","$12,590",ok,,,empty,1201
Chang Gung University of Science and Technology,Taiwan,,,empty,,,empty,1201
Chosun University,South Korea,,,empty,,,empty,1201
Christ University Bengaluru India,India,"$3,390 – $3,620","$3,390 – $3,620",ok,,,empty,1201
Cochin University of Science and Technology,India,,,empty,,,empty,1201
Damascus University,Syrian Arab Republic,Subsidized,,needs research,"~$1,500 – $3,000","$1,500 – $3,000",ok,1201
Dow University of Health Sciences,Pakistan,$680,$680,ok,,,empty,1201
Duzce University,Turkey,$0,$0,ok,,,empty,1201
Ferhat Abbas Sétif University 1,Algeria,$0,$0,ok,,,empty,1201
"George Emil Palade University of Medicine, Pharmacy, Science, and Technology of Targu Mures",Romania,$0,$0,ok,,,empty,1201
Georgia Southern University,United States,,,empty,,,empty,1201
Government College University Lahore,Pakistan,$320,$320,ok,,,empty,1201
Guru Jambheshwar University of Science and Technology,India,,,empty,,,empty,1201
Gyeongsang National University,South Korea,,,empty,,,empty,1201
Halmstad University,Sweden,$0,$0,ok,,,empty,1201
Helwan University,Egypt,Subsidized,,needs research,"~$2,000 – $4,500","$2,000 – $4,500",ok,1201
Hyogo Medical University,Japan,,,empty,,,empty,1201
I-Shou University,Taiwan,,,empty,,,empty,1201
Ibn Tofaïl University,Morocco,$0,$0,ok,,,empty,1201
Ilam University,"Iran, Islamic Republic of",,,empty,,,empty,1201
Ilia State University,Georgia,,,empty,,,empty,1201
Incheon National University,South Korea,,,empty,,,empty,1201
Indian Institute of Science Education and Research Bhopal,India,,,empty,,,empty,1201
Instituto Politécnico de Bragança,Portugal,$790,$790,ok,,,empty,1201
Istanbul Medeniyet University,Turkey,$0,$0,ok,,,empty,1201
Jiangsu Normal University,China (Mainland),$560 – $900,$560 – $900,ok,,,empty,1201
KL University,India,,,empty,,,empty,1201
Karabük University,Turkey,$0,$0,ok,,,empty,1201
Kazan National Research Technological University,Russia,,,empty,,,empty,1201
Kharazmi University,"Iran, Islamic Republic of",$0,$0,ok,,,empty,1201
Kharkiv Aviation Institute,Ukraine,,,empty,"$1,300 – $1,500","$1,300 – $1,500",ok,1201
Kitasato University,Japan,,,empty,,,empty,1201
Manipal University Jaipur,India,"$3,550 – $5,600","$3,550 – $5,600",ok,,,empty,1201
Medical University of Lublin,Poland,$0,$0,ok,,,empty,1201
Medical University of Sofia,Bulgaria,,,empty,,,empty,1201
Moscow Aviation Institute,Russia,,,empty,"$4,980 – $6,000","$4,980 – $6,000",ok,1201
National Changhua University of Education,Taiwan,,,empty,,,empty,1201
National Chin-Yi University of Technology,Taiwan,,,empty,,,empty,1201
National Institute of Technology Srinagar,India,"$1,440","$1,440",ok,,,empty,1201
National Kaohsiung University of Science and Technology,Taiwan,,,empty,,,empty,1201
National Research University of Electronic Technology (MIET),Russia,,,empty,,,empty,1201
National University of Distance Education (UNED),Spain,"$790 – $1,490","$790 – $1,490",ok,,,empty,1201
Oles Honchar Dnipro National University,Ukraine,,,empty,,,empty,1201
Opole University of Technology,Poland,$0,$0,ok,,,empty,1201
Persian Gulf University,"Iran, Islamic Republic of",$0,$0,ok,,,empty,1201
Pirogov Russian National Research Medical University,Russia,,,empty,"$12,000","$12,000",ok,1201
Polytechnic Institute of Porto,Portugal,$790,$790,ok,,,empty,1201
Pontifical Javeriana University,Colombia,,,empty,,,empty,1201
Port Said University,Egypt,,,empty,,,empty,1201
SASTRA University,India,"$1,960","$1,960",ok,,,empty,1201
Saitama Medical University,Japan,,,empty,,,empty,1201
Selçuk University,Turkey,$0,$0,ok,,,empty,1201
Semnan University of Medical Sciences and Health Services,"Iran, Islamic Republic of",$0,$0,ok,,,empty,1201
Shahid Bahonar University of Kerman,"Iran, Islamic Republic of",$0,$0,ok,,,empty,1201
Shahid Sadoughi University of Medical Sciences,"Iran, Islamic Republic of",$0,$0,ok,,,empty,1201
Showa University,Japan,,,empty,,,empty,1201
Sohag University,Egypt,,,empty,,,empty,1201
South Valley University,Egypt,,,empty,,,empty,1201
Southwest Petroleum University,China (Mainland),$560 – $900,$560 – $900,ok,,,empty,1201
Sri Venkateswara University,India,,,empty,,,empty,1201
St Marianna University School of Medicine,Japan,,,empty,,,empty,1201
Technical University of Crete,Greece,$0,$0,ok,,,empty,1201
Tezpur University,India,$630,$630,ok,,,empty,1201
"The University of Agriculture, Peshawar",Pakistan,$270,$270,ok,,,empty,1201
Thiagarajar College of Engineering,India,$200,$200,ok,,,empty,1201
Tribhuvan University,Nepal,,,empty,,,empty,1201
Tzu Chi University,Taiwan,,,empty,,,empty,1201
UNIR – International University of La Rioja,Spain,,,empty,,,empty,1201
Unisinos University,Brazil,,,empty,,,empty,1201
Universidad Católica San Antonio de Murcia (UCAM),Spain,,,empty,,,empty,1201
Universidad Loyola,Spain,,,empty,,,empty,1201
Universidade Eduardo Mondlane,Mozambique,,,empty,,,empty,1201
Universidade Lusófona,Portugal,,,empty,,,empty,1201
Universitas Airlangga,Indonesia,1500,,needs research,2500,,needs research,1201
Universitas Gadjah Mada,Indonesia,,,empty,"$3,100","$3,100",ok,1201
Universitas Syiah Kuala,Indonesia,,,empty,,,empty,1201
Universiti Sultan Zainal Abidin,Malaysia,,,empty,,,empty,1201
University of Al-Qadisiyah,Iraq,$0,$0,ok,,,empty,1201
University of Antofagasta,Chile,,,empty,,,empty,1201
University of Botswana,Botswana,,,empty,,,empty,1201
University of Burgos,Spain,"$790 – $1,490","$790 – $1,490",ok,,,empty,1201
University of Carthage,Tunisia,,,empty,,,empty,1201
University of Chester,United Kingdom,"$12,920","$12,920",ok,,,empty,1201
University of Diyala,Iraq,$0,$0,ok,,,empty,1201
"University of Education, Lahore",Pakistan,,,empty,,,empty,1201
University of Guilan,"Iran, Islamic Republic of",$0,$0,ok,,,empty,1201
University of Hormozgan,"Iran, Islamic Republic of",$0,$0,ok,,,empty,1201
University of Ilorin,Nigeria,$58 – $130,$58 – $130,ok,,,empty,1201
University of Lethbridge,Canada,,,empty,,,empty,1201
University of Manouba,Tunisia,,,empty,,,empty,1201
University of Marrakech Cadi Ayyad,Morocco,$0,$0,ok,,,empty,1201
University of Mauritius,Mauritius,,,empty,,,empty,1201
University of Medicine and Pharmacy of Craiova,Romania,$0,$0,ok,,,empty,1201
University of Monastir,Tunisia,,,empty,,,empty,1201
University of Namibia,Namibia,,,empty,,,empty,1201
University of Nigeria Nsukka,Nigeria,$72 – $110,$72 – $110,ok,,,empty,1201
University of Pau and Pays de l’Adour,France,$320,$320,ok,,,empty,1201
University of Qom,"Iran, Islamic Republic of",$0,$0,ok,,,empty,1201
University of Shanghai for Science and Technology,China (Mainland),$560 – $900,$560 – $900,ok,,,empty,1201
University of Silesia in Katowice,Poland,$0,$0,ok,,,empty,1201
University of South China,China (Mainland),$560 – $900,$560 – $900,ok,,,empty,1201
University of Sunderland,United Kingdom,"$12,920","$12,920",ok,,,empty,1201
University of Technology of Compiègne,France,$710,$710,ok,,,empty,1201
University of Texas Rio Grande Valley,United States,,,empty,,,empty,1201
University of Venda,South Africa,"$1,210 – $2,090","$1,210 – $2,090",ok,,,empty,1201
University of Western Macedonia,Greece,$0,$0,ok,,,empty,1201
University of Zambia,Zambia,,,empty,,,empty,1201
University of Zanjan,"Iran, Islamic Republic of",$0,$0,ok,,,empty,1201
University of Zimbabwe,Zimbabwe,,,empty,,,empty,1201
Université Hassan II de Casablanca,Morocco,$0,$0,ok,,,empty,1201
Université Polytechnique Hauts-de-France,France,$320,$320,ok,,,empty,1201
Université Sorbonne Nouvelle,France,$320,$320,ok,,,empty,1201
Université de Skikda,Algeria,$0,$0,ok,,,empty,1201
Veltech University,India,,,empty,,,empty,1201
"Visvesvaraya National Institute of Technology, Nagpur",India,"$1,440","$1,440",ok,,,empty,1201
Volgograd State University,Russia,,,empty,,,empty,1201
Walailak University,Thailand,,,empty,,,empty,1201
Wrocław University of Environmental and Life Sciences,Poland,$0,$0,ok,,,empty,1201
Wuhan Textile University,China (Mainland),$560 – $900,$560 – $900,ok,,,empty,1201
Xiangtan University,China (Mainland),$560 – $900,$560 – $900,ok,,,empty,1201
Xuzhou Medical University,China (Mainland),$560 – $900,$560 – $900,ok,,,empty,1201
Yasouj University,"Iran, Islamic Republic of",$0,$0,ok,,,empty,1201
Yuriy Fedkovych Chernivtsi National University,Ukraine,,,empty,,,empty,1201
Zanjan University of Medical Sciences,"Iran, Islamic Republic of",$0,$0,ok,,,empty,1201
Zhejiang Chinese Medical University,China (Mainland),$560 – $900,$560 – $900,ok,,,empty,1201
Abdelmalek Essaâdi University,Morocco,$0,$0,ok,,,empty,1501
Acıbadem University,Turkey,,,empty,,,empty,1501
Adelphi University,United States,,,empty,,,empty,1501
Afe Babalola University,Nigeria,"$720 – $4,010","$720 – $4,010",ok,,,empty,1501
Aksaray University,Turkey,$0,$0,ok,,,empty,1501
Alzahra University,"Iran, Islamic Republic of",$0,$0,ok,,,empty,1501
Andhra University,India,,,empty,,,empty,1501
Ankara Yildirim Beyazit University,Turkey,$0,$0,ok,,,empty,1501
Annamalai University,India,,,empty,,,empty,1501
Antonio Nariño University,Colombia,,,empty,,,empty,1501
Arak University,"Iran, Islamic Republic of",$0,$0,ok,,,empty,1501
Badji Mokhtar University – Annaba,Algeria,$0,$0,ok,,,empty,1501
Başkent University,Turkey,,,empty,,,empty,1501
Bharath Institute of Higher Education and Research,India,,,empty,,,empty,1501
Bharati Vidyapeeth University,India,,,empty,,,empty,1501
Bialystok University of Technology,Poland,$0,$0,ok,,,empty,1501
Bilecik Şeyh Edebali University,Turkey,$0,$0,ok,,,empty,1501
Blida 1 University,Algeria,$0,$0,ok,,,empty,1501
Bolu Abant Izzet Baysal University,Turkey,$0,$0,ok,,,empty,1501
Bozok University,Turkey,,,empty,,,empty,1501
Burapha University,Thailand,,,empty,,,empty,1501
Bursa Technical University,Turkey,$0,$0,ok,,,empty,1501
Bursa Uludağ University,Turkey,$0,$0,ok,,,empty,1501
CES University,Colombia,,,empty,,,empty,1501
Catholic University of Brasília,Brazil,,,empty,,,empty,1501
Catholic University of the North,Chile,,,empty,,,empty,1501
Chelyabinsk State University,Russia,,,empty,,,empty,1501
Chiba Institute of Technology,Japan,,,empty,,,empty,1501
Chubu University,Japan,,,empty,,,empty,1501
Chuo University,Japan,,,empty,,,empty,1501
Communication University of China,China (Mainland),$560 – $900,$560 – $900,ok,,,empty,1501
Damghan University,"Iran, Islamic Republic of",$0,$0,ok,,,empty,1501
Dicle University,Turkey,$0,$0,ok,,,empty,1501
Dokkyo Medical University,Japan,,,empty,,,empty,1501
Dumlupinar University,Turkey,$0,$0,ok,,,empty,1501
Dunarea de Jos University of Galati,Romania,$0,$0,ok,,,empty,1501
El Bosque University,Colombia,,,empty,,,empty,1501
Erzincan Binali Yıldırım University,Turkey,$0,$0,ok,,,empty,1501
Eskişehir Osmangazi University,Turkey,$0,$0,ok,,,empty,1501
"Federal University of Agriculture, Abeokuta",Nigeria,$130,$130,ok,,,empty,1501
Fukuoka University,Japan,,,empty,,,empty,1501
GITAM University,India,,,empty,,,empty,1501
Gaziantep University,Turkey,$0,$0,ok,,,empty,1501
Goa University,India,,,empty,,,empty,1501
Grigore T. Popa University of Medicine and Pharmacy,Romania,$0,$0,ok,,,empty,1501
Gubkin Russian State University of Oil and Gas,Russia,,,empty,,,empty,1501
Hassiba Benbouali University of Chlef,Algeria,$0,$0,ok,,,empty,1501
Hellenic Open University,Greece,,,empty,,,empty,1501
Hindustan Institute of Technology and Science,India,,,empty,,,empty,1501
Hitit University,Turkey,$0,$0,ok,,,empty,1501
Hosei University,Japan,,,empty,,,empty,1501
Industrial University of Tyumen,Russia,,,empty,,,empty,1501
Instituto Politécnico de Viana do Castelo,Portugal,$790,$790,ok,,,empty,1501
International Hellenic University,Greece,$0,$0,ok,,,empty,1501
Inönü University,Turkey,$0,$0,ok,,,empty,1501
Istanbul Medipol University,Turkey,,,empty,,,empty,1501
Ivanovo State University of Chemistry and Technology,Russia,,,empty,,,empty,1501
Izmir University of Economics,Turkey,,,empty,,,empty,1501
Jan Evangelista Purkyně University,Czech Republic,$0,$0,ok,,,empty,1501
Jan Kochanowski University in Kielce,Poland,$0,$0,ok,,,empty,1501
Jember University,Indonesia,,,empty,,,empty,1501
Jianghan University,China (Mainland),$560 – $900,$560 – $900,ok,,,empty,1501
Kanagawa University,Japan,,,empty,,,empty,1501
Kanazawa Medical University,Japan,,,empty,,,empty,1501
Kansai University,Japan,,,empty,,,empty,1501
Karadeniz Technical University,Turkey,$0,$0,ok,,,empty,1501
Kastamonu University,Turkey,$0,$0,ok,,,empty,1501
Kazan National Research Technical University,Russia,,,empty,,,empty,1501
Kazan State Medical University,Russia,,,empty,,,empty,1501
Kemerovo State University,Russia,,,empty,,,empty,1501
Kirikkale University,Turkey,$0,$0,ok,,,empty,1501
Kocaeli University,Turkey,$0,$0,ok,,,empty,1501
Kochi University,Japan,,,empty,,,empty,1501
Kogakuin University,Japan,,,empty,,,empty,1501
Kyoto Sangyo University,Japan,,,empty,,,empty,1501
Kırşehir Ahi Evran University,Turkey,$0,$0,ok,,,empty,1501
Ladoke Akintola University of Technology,Nigeria,,,empty,,,empty,1501
Lagos State University,Nigeria,,,empty,,,empty,1501
Lahore College for Women University (LCWU),Pakistan,,,empty,,,empty,1501
Latvia University of Life Sciences and Technologies,Latvia,,,empty,"$8,140","$8,140",ok,1501
Lobachevsky State University of Nizhni Novgorod,Russia,,,empty,,,empty,1501
Mahasarakham University,Thailand,,,empty,,,empty,1501
Manisa Celal Bayar University,Turkey,$0,$0,ok,,,empty,1501
Maria Curie-Skłodowska University (UMCS),Poland,$0,$0,ok,,,empty,1501
Matej Bel University,Slovakia,$0,$0,ok,,,empty,1501
Meijo University,Japan,,,empty,,,empty,1501
Middle Technical University,Iraq,$0,$0,ok,,,empty,1501
Ming Chuan University,Taiwan,,,empty,,,empty,1501
Moscow Polytechnic University,Russia,,,empty,,,empty,1501
Moscow State University of Civil Engineering,Russia,,,empty,,,empty,1501
Moulay Ismail University,Morocco,$0,$0,ok,,,empty,1501
M’Hamed Bougara University of Boumerdès,Algeria,$0,$0,ok,,,empty,1501
NED University of Engineering and Technology,Pakistan,$430 – $460,$430 – $460,ok,,,empty,1501
National Aviation University,Ukraine,,,empty,,,empty,1501
National Chi Nan University,Taiwan,,,empty,,,empty,1501
National Chiayi University,Taiwan,,,empty,,,empty,1501
National Formosa University,Taiwan,,,empty,,,empty,1501
National Ilan University,Taiwan,,,empty,,,empty,1501
National Taichung University of Science and Technology,Taiwan,,,empty,,,empty,1501
National United University,Taiwan,,,empty,,,empty,1501
National University of Kaohsiung,Taiwan,,,empty,,,empty,1501
National University of Medical Sciences (NUMS),Pakistan,,,empty,,,empty,1501
Nizhny Novgorod State Technical University,Russia,,,empty,,,empty,1501
Niğde Ömer Halisdemir University,Turkey,$0,$0,ok,,,empty,1501
Nnamdi Azikiwe University,Nigeria,,,empty,,,empty,1501
North-Caucasus Federal University,Russia,,,empty,,,empty,1501
North-Eastern Federal University,Russia,,,empty,,,empty,1501
North-Western State Medical University named after I.I. Mechnikov,Russia,,,empty,,,empty,1501
Northern (Arctic) Federal University named after M.V. Lomonosov,Russia,,,empty,,,empty,1501
Nosov Magnitogorsk State Technical University,Russia,,,empty,,,empty,1501
Nueva Granada Military University,Colombia,,,empty,,,empty,1501
Obafemi Awolowo University,Nigeria,$98 – $120,$98 – $120,ok,,,empty,1501
Ogarev Mordovia State University,Russia,,,empty,,,empty,1501
Omsk State Technical University,Russia,,,empty,,,empty,1501
Ondokuz Mayis University,Turkey,$0,$0,ok,,,empty,1501
Oran 1 University,Algeria,$0,$0,ok,,,empty,1501
Ordu University,Turkey,$0,$0,ok,,,empty,1501
Osaka Institute of Technology,Japan,,,empty,,,empty,1501
Osaka Medical and Pharmaceutical University,Japan,,,empty,,,empty,1501
Ovidius University of Constanța,Romania,$0,$0,ok,,,empty,1501
PSG College of Technology,India,,,empty,,,empty,1501
Pamukkale University,Turkey,$0,$0,ok,,,empty,1501
Pavlov First Saint Petersburg State Medical University,Russia,,,empty,"$5,050","$5,050",ok,1501
Payame Noor University,"Iran, Islamic Republic of",,,empty,,,empty,1501
Pedagogical and Technological University of Colombia,Colombia,$0,$0,ok,,,empty,1501
Penza State University,Russia,,,empty,,,empty,1501
Prague University of Economics and Business,Czech Republic,$0,$0,ok,,,empty,1501
Privolzhsky Research Medical University,Russia,,,empty,,,empty,1501
R V College of Engineering,India,"$1,210","$1,210",ok,,,empty,1501
REVA University,India,,,empty,,,empty,1501
Recep Tayyip Erdoğan University,Turkey,$0,$0,ok,,,empty,1501
Reshetnev Siberian State University of Science and Technology,Russia,,,empty,,,empty,1501
Ryukoku University,Japan,,,empty,,,empty,1501
Rzeszów University of Technology,Poland,$0,$0,ok,,,empty,1501
SGH Warsaw School of Economics,Poland,$0,$0,ok,,,empty,1501
Saints Cyril and Methodius University in Skopje,North Macedonia,,,empty,,,empty,1501
Samara State Technical University,Russia,,,empty,,,empty,1501
San Sebastián University,Chile,,,empty,,,empty,1501
Saratov State Medical University,Russia,,,empty,,,empty,1501
Shahed University,"Iran, Islamic Republic of",$0,$0,ok,,,empty,1501
Siberian State Medical University,Russia,,,empty,,,empty,1501
Sichuan University of Science and Engineering,China (Mainland),$560 – $900,$560 – $900,ok,,,empty,1501
Sivas Cumhuriyet University,Turkey,$0,$0,ok,,,empty,1501
Southwest State University,Russia,,,empty,,,empty,1501
Srinakharinwirot University,Thailand,,,empty,,,empty,1501
Tamil Nadu Agricultural University,India,,,empty,,,empty,1501
Technical University of Sofia,Bulgaria,,,empty,,,empty,1501
Teikyo University,Japan,,,empty,,,empty,1501
Tokat Gaziosmanpaşa University,Turkey,$0,$0,ok,,,empty,1501
Tokyo City University,Japan,,,empty,,,empty,1501
Tokyo Denki University,Japan,,,empty,,,empty,1501
Tokyo University of Agriculture,Japan,,,empty,,,empty,1501
Tomsk State University of Control Systems and Radioelectronics,Russia,,,empty,,,empty,1501
Toyo University,Japan,,,empty,,,empty,1501
Tula State University,Russia,,,empty,"$1,800 – $3,840","$1,800 – $3,840",ok,1501
Ufa State Petroleum Technological University,Russia,,,empty,,,empty,1501
Ufa University of Science and Technology,Russia,,,empty,,,empty,1501
Universidad Autónoma de Ciudad Juárez,Mexico,,,empty,,,empty,1501
Universidad Autónoma de Coahuila,Mexico,,,empty,,,empty,1501
Universidad Mayor,Chile,,,empty,,,empty,1501
Universidade Nove de Julho (Uninove),Brazil,,,empty,,,empty,1501
Universitas Negeri Surabaya,Indonesia,,,empty,,,empty,1501
Universitas Sriwijaya,Indonesia,,,empty,,,empty,1501
Universiti Malaysia Kelantan,Malaysia,,,empty,,,empty,1501
Universiti Teknologi MARA,Malaysia,,,empty,,,empty,1501
University Abdelhamid Ibn Badis Mostaganem,Algeria,$0,$0,ok,,,empty,1501
University Mohamed Boudiaf of M’Sila,Algeria,$0,$0,ok,,,empty,1501
University for Development Studies,Ghana,,,empty,,,empty,1501
University of Abou Bekr Belkaïd Tlemcen,Algeria,$0,$0,ok,,,empty,1501
University of Anbar,Iraq,,,empty,,,empty,1501
University of Batna 2,Algeria,$0,$0,ok,,,empty,1501
University of Benin,Nigeria,$120 – $130,$120 – $130,ok,,,empty,1501
University of Birjand,"Iran, Islamic Republic of",$0,$0,ok,,,empty,1501
University of Biskra,Algeria,$0,$0,ok,,,empty,1501
University of Béjaïa,Algeria,$0,$0,ok,,,empty,1501
University of Caxias do Sul,Brazil,,,empty,,,empty,1501
University of Colima,Mexico,,,empty,,,empty,1501
University of Dar es Salaam,Tanzania,,,empty,,,empty,1501
University of Fortaleza (UNIFOR),Brazil,,,empty,,,empty,1501
University of Havana,Cuba,$0,$0,ok,,,empty,1501
University of Jijel,Algeria,$0,$0,ok,,,empty,1501
University of Kelaniya,Sri Lanka,$0,$0,ok,,,empty,1501
University of Kerbala,Iraq,$0,$0,ok,,,empty,1501
University of Laghouat,Algeria,$0,$0,ok,,,empty,1501
University of Life Sciences in Lublin,Poland,$0,$0,ok,,,empty,1501
University of Los Lagos,Chile,,,empty,,,empty,1501
University of Lucknow,India,,,empty,,,empty,1501
University of Mascara,Algeria,,,empty,,,empty,1501
University of Montenegro,Montenegro,,,empty,,,empty,1501
University of Mosul,Iraq,$0,$0,ok,,,empty,1501
University of Mysore,India,,,empty,,,empty,1501
University of Phayao,Thailand,,,empty,,,empty,1501
University of Port Harcourt,Nigeria,$110 – $140,$110 – $140,ok,,,empty,1501
University of Prishtina,Kosovo,,,empty,,,empty,1501
University of Science and Technology of Oran Mohamed-Boudiaf,Algeria,$0,$0,ok,,,empty,1501
University of Sciences and Technology Houari Boumediene,Algeria,$0,$0,ok,,,empty,1501
University of Sistan and Baluchestan,"Iran, Islamic Republic of",$0,$0,ok,,,empty,1501
University of West Attica,Greece,$0,$0,ok,,,empty,1501
University of the Peloponnese,Greece,$0,$0,ok,,,empty,1501
Université 8 Mai 1945 Guelma,Algeria,$0,$0,ok,,,empty,1501
Université Chouaïb Doukkali,Morocco,$0,$0,ok,,,empty,1501
Université Frères Mentouri Constantine 1,Algeria,$0,$0,ok,,,empty,1501
Université Hassan 1er,Morocco,$0,$0,ok,,,empty,1501
Université Kasdi Merbah Ouargla,Algeria,$0,$0,ok,,,empty,1501
Université Mohammed Premier,Morocco,$0,$0,ok,,,empty,1501
Université Mouloud Mammeri de Tizi-Ouzou,Algeria,$0,$0,ok,,,empty,1501
Université Sultan Moulay Slimane,Morocco,$0,$0,ok,,,empty,1501
Université de Gabès,Tunisia,,,empty,,,empty,1501
Uzhhorod National University,Ukraine,"$980 – $1,160","$980 – $1,160",ok,,,empty,1501
Uşak University,Turkey,$0,$0,ok,,,empty,1501
V.I. Vernadsky Crimean Federal University (Vernadsky CFU),Ukraine,,,empty,,,empty,1501
Van Yüzüncü Yil University,Turkey,$0,$0,ok,,,empty,1501
Vietnam National University (Ho Chi Minh City),Vietnam,"$2,500 – $2,880","$2,500 – $2,880",ok,$450 – $650,,removed: far below local fee,1501
"Vignan’s Foundation for Science, Technology and Research",India,"$3,220","$3,220",ok,,,empty,1501
Volgograd State Technical University,Russia,,,empty,,,empty,1501
Voronezh State Technical University,Russia,,,empty,,,empty,1501
Yanshan University,China (Mainland),,,empty,,,empty,1501
Yeditepe University,Turkey,,,empty,"$20,000 – $73,000","$20,000 – $73,000",ok,1501
Zonguldak Bülent Ecevit University,Turkey,$0,$0,ok,,,empty,1501
Çankırı Karatekin University,Turkey,$0,$0,ok,,,empty,1501
