Duplicate,Same university as
"Trinity College Dublin, The University of Dublin",Trinity College Dublin
Tecnológico de Monterrey,Monterrey Institute of Technology
University of Pittsburgh,University of Pittsburgh-Pittsburgh campus
Westfälische Wilhelms-Universität Münster ,University of Münster
Julius-Maximilians-Universität Würzburg,University of Würzburg
Colorado State University,"Colorado State University, Fort Collins"
Universita' Politecnica delle Marche,Marche Polytechnic University
Zürcher Hochschule Winterthur,ZHAW Zurich University of Applied Sciences
University Duesseldorf,Heinrich Heine University Düsseldorf
Universidad de Córdoba - España,University of Córdoba
University of South Bohemia,University of South Bohemia in České Budějovice
College of William and Mary,William & Mary
Universidade da Coruña ,University of A Coruña
Universitatea de Vest din Timisoara / West University of Timisoara,West University of Timişoara
Perm State National Research University,Perm State University
Technische Universität Kaiserslautern,University of Kaiserslautern
Universidade Católica Portuguesa - UCP,Catholic University of Portugal
ETH Zurich,ETH Zurich - Swiss Federal Institute of Technology
Florida Atlantic University,Florida Atlantic University - Boca Raton
University of Erlangen-Nuremberg,Friedrich-Alexander-Universität Erlangen-Nürnberg
Jamia Hamdard University,Jamia Hamdard
LMU Munich,Ludwig-Maximilians-Universität München
Paris Sciences et Lettres – PSL Research University Paris,Université PSL
Queen’s University,Queen's University at Kingston
TU Wien,Technische Universität Wien
Autonomous University of Barcelona,Universitat Autònoma de Barcelona
University of Arkansas,University of Arkansas Fayetteville 
University of Bonn,Rheinische Friedrich-Wilhelms-Universität Bonn
University of Freiburg,Albert-Ludwigs-Universitaet Freiburg
University of Bologna,Alma Mater Studiorum - University of Bologna
University of Campinas,Universidade Estadual de Campinas (Unicamp)
Gabriele d‘Annunzio University,"Universita' degli Studi ""G. d'Annunzio"" Chieti Pescara"
"University of the North, Colombia",Universidad del Norte 
