Institution_Name,Website,Verification
University of Minnesota,https://twin-cities.umn.edu,academic domain reachable; title not in Latin script or missing
Purdue University West Lafayette,https://www.purdue.edu,page title / address matches the name
University of Bonn,https://www.uni-bonn.de,page title / address matches the name
Vanderbilt University,https://www.vanderbilt.edu,page title / address matches the name
Charité - Universitätsmedizin Berlin,https://www.charite.de,page title / address matches the name
University of Tübingen,https://uni-tuebingen.de,page title / address matches the name
Eberhard Karls Universität Tübingen,https://uni-tuebingen.de,page title / address matches the name
Penn State (Main campus),https://www.psu.edu,page title / address matches the name
University of Freiburg,https://uni-freiburg.de,page title / address matches the name
University of Rochester,https://www.rochester.edu,page title / address matches the name
Trinity College Dublin,https://www.tcd.ie,page title / address matches the name
Radboud University Nijmegen,https://www.ru.nl,page title / address matches the name
Radboud University ,https://www.ru.nl,page title / address matches the name
University of Pittsburgh-Pittsburgh campus,https://www.pitt.edu,page title / address matches the name
University of Bologna,https://www.unibo.it,page title / address matches the name
TU Dresden,https://tu-dresden.de,page title / address matches the name
Dartmouth College,https://home.dartmouth.edu,page title / address matches the name
University of Virginia (Main campus),https://www.virginia.edu,page title / address matches the name
Scuola Normale Superiore di Pisa,https://www.sns.it,page title / address matches the name
University of Würzburg,https://www.uni-wuerzburg.de,page title / address matches the name
University of Münster,https://www.uni-muenster.de,page title / address matches the name
University of Macau,https://www.um.edu.mo,page title / address matches the name
University of Erlangen-Nuremberg,https://www.fau.eu,page title / address matches the name
Indiana University,https://www.iu.edu,"reachable; title in the local language, checked by hand"
Ulsan National Institute of Science and Technology (UNIST),https://www.unist.ac.kr,page title / address matches the name
University of Potsdam,https://www.uni-potsdam.de,page title / address matches the name
Universität Potsdam,https://www.uni-potsdam.de,page title / address matches the name
University of Iowa,https://uiowa.edu,page title / address matches the name
University of Sussex,https://www.sussex.ac.uk,page title / address matches the name
Medical University of Vienna,https://www.meduniwien.ac.at,"reachable; title in the local language, checked by hand"
Medical University of Graz,https://www.medunigraz.at,page title / address matches the name
Sant’Anna School of Advanced Studies – Pisa,https://www.santannapisa.it,page title / address matches the name
Friedrich Schiller University Jena,https://www.uni-jena.de,page title / address matches the name
Autonomous University of Barcelona,https://www.uab.cat,page title / address matches the name
Goethe University Frankfurt,https://www.uni-frankfurt.de,page title / address matches the name
Swinburne University of Technology,https://www.swinburne.edu.au,page title / address matches the name
University of Aberdeen,https://www.abdn.ac.uk,page title / address matches the name
Vrije Universiteit Brussel,https://www.vub.be,page title / address matches the name
Massey University,https://www.massey.ac.nz,page title / address matches the name
Politecnico di Torino,https://www.polito.it,page title / address matches the name
Polytechnic University of Turin,https://www.polito.it,"reachable; title in the local language, checked by hand"
Technical University of Darmstadt,https://www.tu-darmstadt.de,page title / address matches the name
Victoria University of Wellington,https://www.wgtn.ac.nz,page title / address matches the name
Charles University,https://cuni.cz,"reachable; title in the local language, checked by hand"
University of Navarra,https://www.unav.edu,page title / address matches the name
Khalifa University,https://www.ku.ac.ae,page title / address matches the name
Florida State University,https://www.fsu.edu,page title / address matches the name
Humanitas University,https://www.hunimed.eu,page title / address matches the name
Johannes Gutenberg University of Mainz,https://www.uni-mainz.de,page title / address matches the name
Heinrich Heine University Düsseldorf,https://www.hhu.de,"reachable; title in the local language, checked by hand"
Università della Svizzera italiana,https://www.usi.ch,page title / address matches the name
Queen’s University,https://www.queensu.ca,page title / address matches the name
RCSI University of Medicine and Health Sciences,https://www.rcsi.com,page title / address matches the name
Medical University of Innsbruck,https://www.i-med.ac.at,academic domain reachable; title not in Latin script or missing
Sejong University,https://en.sejong.ac.kr,page title / address matches the name
Semmelweis University,https://semmelweis.hu,page title / address matches the name
South China University of Technology,https://www.scut.edu.cn,page title / address matches the name
Taylor's University,https://university.taylors.edu.my,page title / address matches the name
TU Wien,https://www.tuwien.at,page title / address matches the name
Stony Brook University,https://www.stonybrook.edu,page title / address matches the name
Dalhousie University,https://www.dal.ca,page title / address matches the name
University of Massachusetts Amherst,https://www.umass.edu,page title / address matches the name
Copenhagen Business School,https://www.cbs.dk,page title / address matches the name
University of Rome II – Tor Vergata,https://web.uniroma2.it,"reachable; title in the local language, checked by hand"
Swedish University of Agricultural Sciences,https://www.slu.se,"reachable; title in the local language, checked by hand"
"St George’s, University of London",https://www.sgul.ac.uk,page title / address matches the name
"China Medical University, Taiwan",https://www.cmu.edu.tw,page title / address matches the name
University of Kiel,https://www.uni-kiel.de,page title / address matches the name
Oregon Health and Science University,https://www.ohsu.edu,page title / address matches the name
Catholic University of the Sacred Heart,https://www.unicatt.it,"reachable; title in the local language, checked by hand"
Northwestern Polytechnical University,https://www.nwpu.edu.cn,academic domain reachable; title not in Latin script or missing
Quaid-i-Azam University,https://qau.edu.pk,academic domain reachable; title not in Latin script or missing
University of Milan-Bicocca,https://www.unimib.it,"reachable; title in the local language, checked by hand"
University of Campinas,https://www.unicamp.br,"reachable; title in the local language, checked by hand"
Sabancı University,https://www.sabanciuniv.edu,page title / address matches the name
Southern Medical University,https://www.smu.edu.cn,page title / address matches the name
University of St Gallen,https://www.unisg.ch,page title / address matches the name
Temple University,https://www.temple.edu,page title / address matches the name
University of Colorado Denver/Anschutz Medical Campus,https://www.ucdenver.edu,page title / address matches the name
Autonomous University of Madrid,https://www.uam.es,page title / address matches the name
University of Bordeaux,https://www.u-bordeaux.fr,page title / address matches the name
Edith Cowan University,https://www.ecu.edu.au,page title / address matches the name
University of Trento,https://www.unitn.it,"reachable; title in the local language, checked by hand"
Technische Universität Bergakademie Freiberg,https://tu-freiberg.de,page title / address matches the name
University of Pisa,https://www.unipi.it,"reachable; title in the local language, checked by hand"
University of Cyprus,https://www.ucy.ac.cy,academic domain reachable; title not in Latin script or missing
National Taiwan University of Science and Technology (Taiwan Tech),https://www.ntust.edu.tw,page title / address matches the name
Campus Bio-Medico University of Rome,https://www.unicampus.it,page title / address matches the name
University of Neuchâtel,https://www.unine.ch,page title / address matches the name
University of Greifswald,https://www.uni-greifswald.de,page title / address matches the name
"Colorado State University, Fort Collins",https://www.colostate.edu,page title / address matches the name
Royal Veterinary College,https://www.rvc.ac.uk,page title / address matches the name
Mizzou - University of Missouri,https://missouri.edu,page title / address matches the name
"Goldsmiths, University of London",https://www.gold.ac.uk,page title / address matches the name
"University of California, Merced",https://www.ucmerced.edu,page title / address matches the name
University of Hull,https://www.hull.ac.uk,page title / address matches the name
IMT Atlantique,https://www.imt-atlantique.fr,page title / address matches the name
Constructor University Bremen,https://constructor.university,page title / address matches the name
Federal University of Toulouse Midi-Pyrénées,https://www.univ-toulouse.fr,page title / address matches the name
SOAS University of London,https://www.soas.ac.uk,page title / address matches the name
Bond University,https://bond.edu.au,page title / address matches the name
Zayed University,https://www.zu.ac.ae,domain resolves (DNS); page not reachable from the checking network
University of Marburg,https://www.uni-marburg.de,page title / address matches the name
Centrale Nantes,https://www.ec-nantes.fr,page title / address matches the name
University of Passau,https://www.uni-passau.de,page title / address matches the name
University of Delaware,https://www.udel.edu,page title / address matches the name
University of Vaasa,https://www.uwasa.fi,page title / address matches the name
Institut Agro,https://www.institut-agro.fr,page title / address matches the name
"Birkbeck, University of London",https://www.bbk.ac.uk,page title / address matches the name
Leuphana University of Lüneburg,https://www.leuphana.de,page title / address matches the name
Northumbria University,https://www.northumbria.ac.uk,page title / address matches the name
Northumbria University at Newcastle,https://www.northumbria.ac.uk,page title / address matches the name
Anglia Ruskin University (ARU),https://www.aru.ac.uk,page title / address matches the name
ENSTA Bretagne,https://www.ensta-bretagne.fr,page title / address matches the name
University of Graz,https://www.uni-graz.at,page title / address matches the name
University of Nicosia,https://www.unic.ac.cy,page title / address matches the name
NOVA University of Lisbon,https://www.unl.pt,"reachable; title in the local language, checked by hand"
Hamburg University of Technology,https://www.tuhh.de,page title / address matches the name
University of Huddersfield,https://www.hud.ac.uk,page title / address matches the name
Rush University,https://www.rushu.rush.edu,page title / address matches the name
University of KwaZulu-Natal,https://ukzn.ac.za,page title / address matches the name
University of Eastern Finland,https://www.uef.fi,page title / address matches the name
Jinan University (China),https://www.jnu.edu.cn,academic domain reachable; title not in Latin script or missing
University of Wuppertal,https://www.uni-wuppertal.de,page title / address matches the name
University of L’Aquila,https://www.univaq.it,"reachable; title in the local language, checked by hand"
University of Canterbury,https://www.canterbury.ac.nz,page title / address matches the name
Babol Noshirvani University of Technology,https://www.nit.ac.ir,academic domain reachable; title not in Latin script or missing
Tabriz University of Medical Sciences,https://www.tbzmed.ac.ir,domain resolves (DNS); page not reachable from the checking network
TU Braunschweig,https://www.tu-braunschweig.de,page title / address matches the name
National Yunlin University of Science and Technology,https://www.yuntech.edu.tw,"reachable; title in the local language, checked by hand"
Yangzhou University,https://www.yzu.edu.cn,domain resolves (DNS); page not reachable from the checking network
Shiraz University of Technology,https://www.sutech.ac.ir,page title / address matches the name
"Soochow University, China",https://www.suda.edu.cn,academic domain reachable; title not in Latin script or missing
Southern Cross University,https://www.scu.edu.au,page title / address matches the name
Shoolini University of Biotechnology and Management Sciences,https://shooliniuniversity.com,page title / address matches the name
Polytechnic University of Bari,https://www.poliba.it,page title / address matches the name
Politecnico di Bari,https://www.poliba.it,page title / address matches the name
Taif University,https://www.tu.edu.sa,academic domain reachable; title not in Latin script or missing
Brighton and Sussex Medical School,https://www.bsms.ac.uk,page title / address matches the name
UiT The Arctic University of Norway,https://uit.no,"reachable; title in the local language, checked by hand"
Nottingham Trent University,https://www.ntu.ac.uk,page title / address matches the name
Kyungpook National University,https://www.knu.ac.kr,page title / address matches the name
University of Nebraska Medical Center,https://www.unmc.edu,page title / address matches the name
Nazarbayev University,https://nu.edu.kz,page title / address matches the name
Pusan National University,https://www.pusan.ac.kr,page title / address matches the name
Aristotle University of Thessaloniki,https://www.auth.gr,page title / address matches the name
Ewha Womans University,https://www.ewha.ac.kr,page title / address matches the name
Zhengzhou University,https://www.zzu.edu.cn,academic domain reachable; title not in Latin script or missing
Imam Abdulrahman Bin Faisal University,https://www.iau.edu.sa,domain resolves (DNS); page not reachable from the checking network
Prince Mohammad Bin Fahd university,https://www.pmu.edu.sa,page title / address matches the name
Ateneo de Manila University,https://www.ateneo.edu,page title / address matches the name
Universidad Austral,https://www.austral.edu.ar,page title / address matches the name
Sunway University,https://sunwayuniversity.edu.my,page title / address matches the name
University of Salamanca,https://www.usal.es,page title / address matches the name
Hitotsubashi University,https://www.hit-u.ac.jp,academic domain reachable; title not in Latin script or missing
Université de Fribourg,https://www.unifr.ch,page title / address matches the name
Universidad de Zaragoza,https://www.unizar.es,page title / address matches the name
MGIMO University,https://mgimo.ru,page title / address matches the name
Lebanese University,https://www.ul.edu.lb,page title / address matches the name
University of Szeged,https://u-szeged.hu,page title / address matches the name
University of the Punjab,https://pu.edu.pk,page title / address matches the name
"University of Chemistry and Technology, Prague",https://www.vscht.cz,"reachable; title in the local language, checked by hand"
Sogang University,https://www.sogang.ac.kr,page title / address matches the name
Université Paul Sabatier Toulouse III,https://www.univ-tlse3.fr,page title / address matches the name
Management and Science University,https://www.msu.edu.my,page title / address matches the name
Jawaharlal Nehru University,https://www.jnu.ac.in,domain resolves (DNS); page not reachable from the checking network
Institut Teknologi Sepuluh Nopember (ITS Surabaya),https://www.its.ac.id,page title / address matches the name
Singapore Management University,https://www.smu.edu.sg,page title / address matches the name
Ain Shams University,https://www.asu.edu.eg,domain resolves (DNS); page not reachable from the checking network
Universität Bremen,https://www.uni-bremen.de,page title / address matches the name
ITMO University,https://itmo.ru,page title / address matches the name
Thammasat University,https://tu.ac.th,academic domain reachable; title not in Latin script or missing
Universitas Padjadjaran,https://www.unpad.ac.id,academic domain reachable; title not in Latin script or missing
Qazvin University of Medical Sciences,https://www.qums.ac.ir,domain resolves (DNS); page not reachable from the checking network
Otto von Guericke University of Magdeburg,https://www.ovgu.de,page title / address matches the name
Prince Sattam Bin Abdulaziz University,https://www.psau.edu.sa,academic domain reachable; title not in Latin script or missing
Polytechnic University of Valencia,https://www.upv.es,domain resolves (DNS); page not reachable from the checking network
Universitat Politècnica de Catalunya,https://www.upc.edu,page title / address matches the name
Ontario Tech University,https://ontariotechu.ca,page title / address matches the name
Cyprus University of Technology,https://www.cut.ac.cy,page title / address matches the name
Old Dominion University,https://www.odu.edu,page title / address matches the name
Ohio University (Main campus),https://www.ohio.edu,page title / address matches the name
Northern Illinois University,https://www.niu.edu,page title / address matches the name
Örebro University,https://www.oru.se,page title / address matches the name
Open University of Catalonia,https://www.uoc.edu,"reachable; title in the local language, checked by hand"
The Open University,https://www.open.ac.uk,page title / address matches the name
National Institute of Technology Rourkela,https://www.nitrkl.ac.in,page title / address matches the name
National Institute of Applied Sciences of Lyon (INSA Lyon),https://www.insa-lyon.fr,page title / address matches the name
Nanjing Forestry University,https://www.njfu.edu.cn,academic domain reachable; title not in Latin script or missing
Monterrey Institute of Technology,https://tec.mx,page title / address matches the name
Mazandaran University of Medical Sciences,https://www.mazums.ac.ir,domain resolves (DNS); page not reachable from the checking network
Mashhad University of Medical Sciences,https://www.mums.ac.ir,page title / address matches the name
Marche Polytechnic University,https://www.univpm.it,domain resolves (DNS); page not reachable from the checking network
Manipal Academy of Higher Education,https://manipal.edu,page title / address matches the name
Qingdao University,https://www.qdu.edu.cn,page title / address matches the name
Zhejiang Normal University,https://www.zjnu.edu.cn,academic domain reachable; title not in Latin script or missing
Wroclaw Medical University,https://www.umw.edu.pl,"reachable; title in the local language, checked by hand"
William & Mary,https://www.wm.edu,page title / address matches the name
University of the West of Scotland,https://www.uws.ac.uk,page title / address matches the name
"University of Nevada, Las Vegas",https://www.unlv.edu,page title / address matches the name
Near East University,https://neu.edu.tr,page title / address matches the name
National Institute of Technology Silchar,https://www.nits.ac.in,page title / address matches the name
Tehran University of Medical Sciences,https://www.tums.ac.ir,domain resolves (DNS); page not reachable from the checking network
Urmia University of Medical Sciences,https://www.umsu.ac.ir,academic domain reachable; title not in Latin script or missing
VIT University,https://vit.ac.in,"reachable; title in the local language, checked by hand"
SRUC (Scotland’s Rural College),https://www.sruc.ac.uk,page title / address matches the name
The University of Aizu,https://www.u-aizu.ac.jp,page title / address matches the name
South China Normal University,https://www.scnu.edu.cn,page title / address matches the name
Cankaya University,https://www.cankaya.edu.tr,page title / address matches the name
National University of Sciences and Technology,https://nust.edu.pk,page title / address matches the name
Roskilde University,https://ruc.dk,page title / address matches the name
Norwegian University of Life Sciences,https://www.nmbu.no,"reachable; title in the local language, checked by hand"
Nanjing Tech University,https://www.njtech.edu.cn,domain resolves (DNS); page not reachable from the checking network
Jönköping University,https://ju.se,page title / address matches the name
"University of Engineering and Technology, Taxila",https://www.uettaxila.edu.pk,page title / address matches the name
KIIT University,https://kiit.ac.in,page title / address matches the name
Shahid Beheshti University of Medical Sciences,https://www.sbmu.ac.ir,domain resolves (DNS); page not reachable from the checking network
University of Sassari,https://www.uniss.it,"reachable; title in the local language, checked by hand"
Capital University of Science and Technology,https://cust.edu.pk,page title / address matches the name
Egypt-Japan University of Science and Technology (E-JUST),https://www.ejust.edu.eg,page title / address matches the name
University of Córdoba,https://www.uco.es,page title / address matches the name
Xidian University,https://www.xidian.edu.cn,page title / address matches the name
École Nationale des Travaux Publics de l'État (ENTPE),https://www.entpe.fr,page title / address matches the name
University of Sannio,https://www.unisannio.it,page title / address matches the name
Babol University of Medical Sciences,https://www.mubabol.ac.ir,domain resolves (DNS); page not reachable from the checking network
University of Bari Aldo Moro,https://www.uniba.it,"reachable; title in the local language, checked by hand"
University of Beira Interior,https://www.ubi.pt,page title / address matches the name
Bharathiar University,https://b-u.ac.in,domain resolves (DNS); page not reachable from the checking network
University of Campania Luigi Vanvitelli,https://www.unicampania.it,page title / address matches the name
University of Cape Coast,https://ucc.edu.gh,page title / address matches the name
Capital Medical University,https://www.ccmu.edu.cn,page title / address matches the name
The Catholic University of America,https://www.catholic.edu,academic domain reachable; title not in Latin script or missing
École Centrale de Lyon,https://www.ec-lyon.fr,page title / address matches the name
École des Mines de Saint-Étienne,https://www.mines-stetienne.fr,page title / address matches the name
Imam Khomeini International University,https://www.ikiu.ac.ir,domain resolves (DNS); page not reachable from the checking network
Harokopio University of Athens,https://www.hua.gr,page title / address matches the name
Government College University Faisalabad,https://gcuf.edu.pk,page title / address matches the name
Gabriele d‘Annunzio University,https://www.unich.it,"reachable; title in the local language, checked by hand"
Universidade Estadual Paulista (Unesp),https://www2.unesp.br,page title / address matches the name
Federation University Australia,https://federation.edu.au,page title / address matches the name
Reykjavík University,https://www.ru.is,page title / address matches the name
Guangdong University of Technology,https://www.gdut.edu.cn,academic domain reachable; title not in Latin script or missing
Air University,https://au.edu.pk,"reachable; title in the local language, checked by hand"
Kurdistan University of Medical Sciences,https://www.muk.ac.ir,page title / address matches the name
University of Rome III,https://www.uniroma3.it,"reachable; title in the local language, checked by hand"
University of Parma,https://www.unipr.it,page title / address matches the name
University of New Brunswick UNB,https://www.unb.ca,page title / address matches the name
University of Namur,https://www.unamur.be,page title / address matches the name
University of Insubria,https://www.uninsubria.it,page title / address matches the name
University of Foggia,https://www.unifg.it,"reachable; title in the local language, checked by hand"
Amedeo Avogadro University of Eastern Piedmont,https://www.uniupo.it,"reachable; title in the local language, checked by hand"
Alagappa University,https://alagappauniversity.ac.in,page title / address matches the name
Abdul Wali Khan University Mardan,https://www.awkum.edu.pk,page title / address matches the name
King Saud bin Abdulaziz University for Health Sciences,https://www.ksau-hs.edu.sa,domain resolves (DNS); page not reachable from the checking network
Kashan University of Medical Sciences and Health Services,https://www.kaums.ac.ir,domain resolves (DNS); page not reachable from the checking network
University of Kaiserslautern,https://rptu.de,page title / address matches the name
Juntendo University,https://www.juntendo.ac.jp,page title / address matches the name
Jamia Hamdard University,https://jamiahamdard.edu,domain resolves (DNS); page not reachable from the checking network
ISCTE-University Institute of Lisbon,https://www.iscte-iul.pt,page title / address matches the name
Iran University of Medical Sciences,https://www.iums.ac.ir,page title / address matches the name
"International Institute of Information Technology, Hyderabad",https://www.iiit.ac.in,page title / address matches the name
Indian Institute of Technology Patna,https://www.iitp.ac.in,domain resolves (DNS); page not reachable from the checking network
Indian Institute of Technology (Indian School of Mines) Dhanbad,https://www.iitism.ac.in,domain resolves (DNS); page not reachable from the checking network
University of Kashan,https://www.kashanu.ac.ir,page title / address matches the name
University of Arkansas,https://www.uark.edu,page title / address matches the name
Malaviya National Institute of Technology,https://www.mnit.ac.in,page title / address matches the name
Universidad de Palermo (UP),https://www.palermo.edu,page title / address matches the name
China University of Petroleum (East China),https://www.upc.edu.cn,academic domain reachable; title not in Latin script or missing
Kazakh National Agrarian University KazNAU,https://www.kaznaru.edu.kz,domain resolves (DNS); page not reachable from the checking network
Martin-Luther-Universität Halle-Wittenberg,https://www.uni-halle.de,page title / address matches the name
Universidade Federal de Minas Gerais,https://ufmg.br,page title / address matches the name
Indian Institute of Technology Hyderabad,https://iith.ac.in,domain resolves (DNS); page not reachable from the checking network
Jeonbuk National University,https://www.jbnu.ac.kr,academic domain reachable; title not in Latin script or missing
"University of Agriculture, Faisalabad",https://uaf.edu.pk,page title / address matches the name
China University of Mining and Technology,https://www.cumt.edu.cn,page title / address matches the name
Universidad de La Habana,https://www.uh.cu,page title / address matches the name
University of Havana,https://www.uh.cu,"reachable; title in the local language, checked by hand"
Universidad Central de Venezuela,https://www.ucv.ve,page title / address matches the name
Universidade Federal de São Paulo (UNIFESP),https://www.unifesp.br,page title / address matches the name
Universidad Panamericana (UP),https://www.up.edu.mx,domain resolves (DNS); page not reachable from the checking network
Chandigarh University,https://www.cuchd.in,page title / address matches the name
Bahria University,https://www.bahria.edu.pk,page title / address matches the name
Bucharest University of Economic Studies,https://www.ase.ro,page title / address matches the name
Université de Bretagne Occidentale,https://www.univ-brest.fr,page title / address matches the name
University of Camerino (Unicam),https://www.unicam.it,page title / address matches the name
University of Clermont Auvergne,https://www.uca.fr,page title / address matches the name
University of la Costa,https://www.cuc.edu.co,"reachable; title in the local language, checked by hand"
Florida Atlantic University,https://www.fau.edu,page title / address matches the name
Chengdu University,https://www.cdu.edu.cn,academic domain reachable; title not in Latin script or missing
University of Gloucestershire,https://www.glos.ac.uk,academic domain reachable; title not in Latin script or missing
Gorgan University of Agricultural Sciences and Natural Resources,https://www.gau.ac.ir,domain resolves (DNS); page not reachable from the checking network
Guilan University of Medical Sciences,https://www.gums.ac.ir,page title / address matches the name
Guangzhou Medical University,https://www.gzhmu.edu.cn,academic domain reachable; title not in Latin script or missing
Hazara University Mansehra,https://www.hu.edu.pk,page title / address matches the name
University of Malakand,https://www.uom.edu.pk,academic domain reachable; title not in Latin script or missing
Bahçeşehir University,https://bau.edu.tr,page title / address matches the name
University of the Balearic Islands,https://www.uib.eu,domain resolves (DNS); page not reachable from the checking network
Catholic University of Portugal,https://www.ucp.pt,domain resolves (DNS); page not reachable from the checking network
Isfahan University of Medical Sciences,https://www.mui.ac.ir,domain resolves (DNS); page not reachable from the checking network
Universitat Internacional de Catalunya,https://www.uic.es,page title / address matches the name
Jaume I University,https://www.uji.es,page title / address matches the name
University of Roehampton,https://www.roehampton.ac.uk,page title / address matches the name
Jaypee University of Information Technology,https://www.juit.ac.in,domain resolves (DNS); page not reachable from the checking network
Jawaharlal Nehru Technological University Anantapur (JNTUA),https://www.jntua.ac.in,page title / address matches the name
University of Murcia,https://www.um.es,page title / address matches the name
Kafrelsheikh University,https://www.kfs.edu.eg,page title / address matches the name
JSS Academy of Higher Education and Research,https://jssuni.edu.in,"reachable; title in the local language, checked by hand"
Kalasalingam Academy of Research and Education,https://kalasalingam.ac.in,page title / address matches the name
Kaohsiung Medical University,https://www.kmu.edu.tw,page title / address matches the name
Kore University of Enna,https://www.unikore.it,page title / address matches the name
K.N. Toosi University of Technology,https://www.kntu.ac.ir,academic domain reachable; title not in Latin script or missing
University of Girona,https://www.udg.edu,page title / address matches the name
University of Jaén,https://www.ujaen.es,page title / address matches the name
Indian Institute of Technology Gandhinagar,https://iitgn.ac.in,page title / address matches the name
"Indian Institute of Science Education and Research, Pune",https://www.iiserpune.ac.in,domain resolves (DNS); page not reachable from the checking network
Ilam University of Medical Sciences,https://www.medilam.ac.ir,page title / address matches the name
Indraprastha Institute of Information Technology Delhi,https://www.iiitd.ac.in,domain resolves (DNS); page not reachable from the checking network
University of Algarve,https://www.ualg.pt,page title / address matches the name
Islamia College Peshawar,https://icp.edu.pk,page title / address matches the name
Zhejiang Gongshang University,https://www.zjgsu.edu.cn,academic domain reachable; title not in Latin script or missing
"University of Veterinary and Animal Sciences, Lahore",https://uvas.edu.pk,page title / address matches the name
ZHAW Zurich University of Applied Sciences,https://www.zhaw.ch,page title / address matches the name
Institute of Space Technology,https://www.ist.edu.pk,page title / address matches the name
Wenzhou University,https://www.wzu.edu.cn,academic domain reachable; title not in Latin script or missing
Aswan University,https://www.aswu.edu.eg,"reachable; title in the local language, checked by hand"
Technical University of Madrid,https://www.upm.es,page title / address matches the name
Delhi Technological University,https://dtu.ac.in,page title / address matches the name
University of the Aegean,https://www.aegean.gr,page title / address matches the name
University of Kurdistan,https://www.uok.ac.ir,academic domain reachable; title not in Latin script or missing
Kyoto Prefectural University of Medicine,https://www.kpu-m.ac.jp,academic domain reachable; title not in Latin script or missing
Lakehead University,https://www.lakeheadu.ca,page title / address matches the name
Lithuanian University of Health Sciences,https://lsmu.lt,"reachable; title in the local language, checked by hand"
Lovely Professional University,https://www.lpu.in,page title / address matches the name
University of Management and Technology,https://www.umt.edu.pk,page title / address matches the name
Medical University of Lodz,https://umed.pl,"reachable; title in the local language, checked by hand"
University of Medicine and Pharmacy Carol Davila,https://umfcd.ro,"reachable; title in the local language, checked by hand"
University of Mohaghegh Ardabili,https://www.uma.ac.ir,page title / address matches the name
Nanjing Medical University,https://www.njmu.edu.cn,academic domain reachable; title not in Latin script or missing
National Autonomous University of Mexico,https://www.unam.mx,"reachable; title in the local language, checked by hand"
New Mexico State University (Main campus),https://www.nmsu.edu,page title / address matches the name
North China Electric Power University,https://www.ncepu.edu.cn,page title / address matches the name
Northeast Normal University,https://www.nenu.edu.cn,academic domain reachable; title not in Latin script or missing
University of Northern British Columbia (UNBC),https://www.unbc.ca,page title / address matches the name
Ozyegin University,https://www.ozyegin.edu.tr,domain resolves (DNS); page not reachable from the checking network
University of Tours,https://www.univ-tours.fr,page title / address matches the name
Shiraz University of Medical Sciences,https://www.sums.ac.ir,page title / address matches the name
Shahrekord University of Medical Sciences,https://www.skums.ac.ir,academic domain reachable; title not in Latin script or missing
Qom University of Medical Sciences,https://www.muq.ac.ir,domain resolves (DNS); page not reachable from the checking network
Arak University of Medical Sciences,https://www.arakmu.ac.ir,domain resolves (DNS); page not reachable from the checking network
"University of the Andes, Colombia",https://uniandes.edu.co,page title / address matches the name
Ahvaz Jundishapur University of Medical Sciences (AJUMS),https://www.ajums.ac.ir,domain resolves (DNS); page not reachable from the checking network
Tokyo Medical University,https://www.tokyo-med.ac.jp,domain resolves (DNS); page not reachable from the checking network
Shri Mata Vaishno Devi University,https://www.smvdu.ac.in,page title / address matches the name
Pablo de Olavide University,https://www.upo.es,page title / address matches the name
Reichman University,https://www.runi.ac.il,academic domain reachable; title not in Latin script or missing
UPES,https://www.upes.ac.in,page title / address matches the name
Wenzhou Medical University,https://www.wmu.edu.cn,page title / address matches the name
Urmia University,https://www.urmia.ac.ir,page title / address matches the name
Arts et Métiers,https://artsetmetiers.fr,page title / address matches the name
Tomsk Polytechnic University,https://tpu.ru,page title / address matches the name
University of Trás-os-Montes and Alto Douro,https://www.utad.pt,"reachable; title in the local language, checked by hand"
University of Vic – Central University of Catalonia,https://www.uvic.cat,"reachable; title in the local language, checked by hand"
Florida Institute of Technology,https://www.fit.edu,page title / address matches the name
Changsha University of Science and Technology,https://www.csust.edu.cn,academic domain reachable; title not in Latin script or missing
Covenant University,https://covenantuniversity.edu.ng,page title / address matches the name
"University of Technology, Iraq",https://uotechnology.edu.iq,academic domain reachable; title not in Latin script or missing
Kingston University,https://www.kingston.ac.uk,page title / address matches the name
Jazan University,https://www.jazanu.edu.sa,page title / address matches the name
Chapman University,https://www.chapman.edu,page title / address matches the name
Damietta University,https://www.du.edu.eg,academic domain reachable; title not in Latin script or missing
Institute of Chemical Technology,https://www.ictmumbai.edu.in,page title / address matches the name
Jiangnan University,https://www.jiangnan.edu.cn,page title / address matches the name
Guangzhou University,https://www.gzhu.edu.cn,academic domain reachable; title not in Latin script or missing
Poznań University of Life Sciences,https://puls.edu.pl,page title / address matches the name
Princess Sumaya University for Technology,https://psut.edu.jo,page title / address matches the name
Shanghai Maritime University,https://www.shmtu.edu.cn,academic domain reachable; title not in Latin script or missing
Ming Chi University of Technology,https://www.mcut.edu.tw,page title / address matches the name
University of Winchester,https://www.winchester.ac.uk,page title / address matches the name
Ural Federal University,https://urfu.ru,"reachable; title in the local language, checked by hand"
Urmia University of Technology,https://www.uut.ac.ir,page title / address matches the name
Yazd University,https://yazd.ac.ir,page title / address matches the name
University of Almería,https://www.ual.es,page title / address matches the name
University of Maragheh,https://www.maragheh.ac.ir,page title / address matches the name
University of Leoben,https://www.unileoben.ac.at,page title / address matches the name
Huaqiao University,https://www.hqu.edu.cn,academic domain reachable; title not in Latin script or missing
University of Isfahan,https://ui.ac.ir,academic domain reachable; title not in Latin script or missing
University of Bedfordshire,https://www.beds.ac.uk,academic domain reachable; title not in Latin script or missing
University of South Dakota,https://www.usd.edu,page title / address matches the name
Shahrekord University,https://www.sku.ac.ir,academic domain reachable; title not in Latin script or missing
GLA University,https://www.gla.ac.in,"reachable; title in the local language, checked by hand"
University of A Coruña,https://www.udc.es,page title / address matches the name
Texas State University,https://www.txst.edu,page title / address matches the name
SRM Institute of Science and Technology,https://www.srmist.edu.in,"reachable; title in the local language, checked by hand"
Shahrood University of Technology,https://www.shahroodut.ac.ir,page title / address matches the name
Razi University,https://razi.ac.ir,page title / address matches the name
Kurume University,https://www.kurume-u.ac.jp,page title / address matches the name
Sahand University of Technology,https://www.sut.ac.ir,page title / address matches the name
Semnan University,https://semnan.ac.ir,page title / address matches the name
Bartin University,https://www.bartin.edu.tr,page title / address matches the name
Zhejiang University of Finance and Economics,https://www.zufe.edu.cn,page title / address matches the name
Zewail City of Science and Technology,https://www.zewailcity.edu.eg,page title / address matches the name
​Shahid Chamran University of Ahvaz,https://scu.ac.ir,academic domain reachable; title not in Latin script or missing
Sidi Mohamed Ben Abdellah University,https://www.usmba.ac.ma,academic domain reachable; title not in Latin script or missing
Wakayama Medical University,https://www.wakayama-med.ac.jp,page title / address matches the name
USAMV Cluj-Napoca,https://www.usamvcluj.ro,page title / address matches the name
The University of the West Indies,https://www.uwi.edu,page title / address matches the name
University of West London,https://www.uwl.ac.uk,page title / address matches the name
University of Malaga,https://www.uma.es,page title / address matches the name
University of Gujrat,https://www.uog.edu.pk,page title / address matches the name
Beni-Suef University,https://www.bsu.edu.eg,page title / address matches the name
Bowling Green State University,https://www.bgsu.edu,page title / address matches the name
China Pharmaceutical University,https://www.cpu.edu.cn,page title / address matches the name
Democritus University of Thrace,https://duth.gr,page title / address matches the name
Université Djillali Liabès de Sidi Bel-Abbès,https://www.univ-sba.dz,academic domain reachable; title not in Latin script or missing
Dr B.R. Ambedkar National Institute of Technology Jalandhar,https://www.nitj.ac.in,page title / address matches the name
Edge Hill University,https://www.edgehill.ac.uk,page title / address matches the name
"University of Engineering and Technology, Peshawar",https://www.uetpeshawar.edu.pk,page title / address matches the name
European University of Madrid,https://universidadeuropea.com,"reachable; title in the local language, checked by hand"
University of Extremadura,https://www.unex.es,"reachable; title in the local language, checked by hand"
Federal University of Technology Akure,https://www.futa.edu.ng,page title / address matches the name
Bangladesh Agricultural University (BAU),https://www.bau.edu.bd,page title / address matches the name
Nagoya City University,https://www.nagoya-cu.ac.jp,page title / address matches the name
Mirpur University of Science and Technology,https://www.must.edu.pk,page title / address matches the name
Lorestan University,https://www.lu.ac.ir,academic domain reachable; title not in Latin script or missing
University of Applied Sciences and Arts of Western Switzerland,https://www.hes-so.ch,"reachable; title in the local language, checked by hand"
Kansai Medical University,https://www.kmu.ac.jp,page title / address matches the name
Iuliu Haţieganu University of Medicine and Pharmacy Cluj-Napoca,https://umfcluj.ro,page title / address matches the name
The Islamia University of Bahawalpur,https://www.iub.edu.pk,page title / address matches the name
Istanbul University-Cerrahpaşa,https://www.iuc.edu.tr,page title / address matches the name
IMT Nord Europe,https://imt-nord-europe.fr,page title / address matches the name
Hamamatsu University School of Medicine,https://www.hama-med.ac.jp,academic domain reachable; title not in Latin script or missing
Hakim Sabzevari University,https://www.hsu.ac.ir,page title / address matches the name
Indian Institute of Science Education and Research Kolkata,https://www.iiserkol.ac.in,page title / address matches the name
Guru Ghasidas Vishwavidyalaya,https://www.ggu.ac.in,domain resolves (DNS); page not reachable from the checking network
Gauhati University,https://gauhati.ac.in,page title / address matches the name
Florida Agricultural and Mechanical University,https://www.famu.edu,page title / address matches the name
University of La Laguna,https://www.ull.es,"reachable; title in the local language, checked by hand"
AGH University of Krakow,https://www.agh.edu.pl,"reachable; title in the local language, checked by hand"
Oakland University,https://www.oakland.edu,page title / address matches the name
Northwest University,https://www.nwu.edu.cn,academic domain reachable; title not in Latin script or missing
Azarbaijan Shahid Madani University,https://www.azaruniv.ac.ir,domain resolves (DNS); page not reachable from the checking network
Benha University,https://bu.edu.eg,academic domain reachable; title not in Latin script or missing
Minia University,https://www.minia.edu.eg,domain resolves (DNS); page not reachable from the checking network
Riphah International University,https://www.riphah.edu.pk,page title / address matches the name
Kohat University of Science and Technology,https://www.kust.edu.pk,page title / address matches the name
Fujita Health University,https://www.fujita-hu.ac.jp,page title / address matches the name
University of Sargodha,https://su.edu.pk,page title / address matches the name
PMAS Arid Agriculture University Rawalpindi,https://www.uaar.edu.pk,page title / address matches the name
Public University of Navarre,https://www.unavarra.es,"reachable; title in the local language, checked by hand"
Miguel Hernández University of Elche,https://www.umh.es,"reachable; title in the local language, checked by hand"
"Mehran University of Engineering and Technology, Jamshoro, Pakistan",https://www.muet.edu.pk,academic domain reachable; title not in Latin script or missing
Medical University of Warsaw,https://www.wum.edu.pl,"reachable; title in the local language, checked by hand"
"University of Occupational and Environmental Health, Japan",https://www.uoeh-u.ac.jp,academic domain reachable; title not in Latin script or missing
Nippon Medical School,https://www.nms.ac.jp,page title / address matches the name
Necmettin Erbakan University,https://www.erbakan.edu.tr,page title / address matches the name
National Institute of Technology Warangal,https://www.nitw.ac.in,domain resolves (DNS); page not reachable from the checking network
Muhimbili University of Health and Allied Sciences,https://www.muhas.ac.tz,page title / address matches the name
University of Las Palmas de Gran Canaria,https://www.ulpgc.es,page title / address matches the name
Mae Fah Luang University,https://www.mfu.ac.th,domain resolves (DNS); page not reachable from the checking network
Maharishi Markandeshwar University (MMU),https://www.mmumullana.org,page title / address matches the name
University of Mazandaran,https://www.umz.ac.ir,academic domain reachable; title not in Latin script or missing
Medical University of Gdańsk,https://mug.edu.pl,page title / address matches the name
Nile University,https://nu.edu.eg,"reachable; title in the local language, checked by hand"
Firat University,https://www.firat.edu.tr,page title / address matches the name
Suez University,https://suezuni.edu.eg,domain resolves (DNS); page not reachable from the checking network
Durban University of Technology,https://www.dut.ac.za,page title / address matches the name
Ilmenau University of Technology,https://www.tu-ilmenau.de,page title / address matches the name
University of Cadiz,https://www.uca.es,page title / address matches the name
Rowan University,https://www.rowan.edu,page title / address matches the name
Kerman University of Medical Sciences,https://www.kmu.ac.ir,domain resolves (DNS); page not reachable from the checking network
Karnatak University Dharwad,https://www.kud.ac.in,domain resolves (DNS); page not reachable from the checking network
Karlstad University,https://www.kau.se,page title / address matches the name
Aichi Medical University,https://www.aichi-med-u.ac.jp,page title / address matches the name
TOBB University of Economics and Technology,https://www.etu.edu.tr,page title / address matches the name
Toyohashi University of Technology (TUT),https://www.tut.ac.jp,page title / address matches the name
Toyota Technological Institute,https://www.toyota-ti.ac.jp,page title / address matches the name
University of Urbino Carlo Bo,https://www.uniurb.it,page title / address matches the name
Teesside University,https://www.tees.ac.uk,page title / address matches the name
University of Technology of Troyes,https://www.utt.fr,page title / address matches the name
Technical University of Cartagena,https://www.upct.es,page title / address matches the name
SWPS University of Social Sciences and Humanities,https://www.swps.pl,page title / address matches the name
University of Social Welfare and Rehabilitation Sciences,https://uswr.ac.ir,academic domain reachable; title not in Latin script or missing
University of South Bohemia in České Budějovice,https://www.jcu.cz,"reachable; title in the local language, checked by hand"
University of South Wales,https://www.southwales.ac.uk,page title / address matches the name
Staffordshire University,https://www.staffs.ac.uk,page title / address matches the name
Najran University,https://www.nu.edu.sa,page title / address matches the name
Jimma University,https://ju.edu.et,"reachable; title in the local language, checked by hand"
Fayoum University,https://www.fayoum.edu.eg,page title / address matches the name
Kitasato University,https://www.kitasato-u.ac.jp,page title / address matches the name
Bayero University,https://www.buk.edu.ng,page title / address matches the name
Yasouj University,https://www.yu.ac.ir,academic domain reachable; title not in Latin script or missing
University of Zambia,https://www.unza.zm,page title / address matches the name
University of Venda,https://www.univen.ac.za,page title / address matches the name
University of South China,https://www.usc.edu.cn,page title / address matches the name
University of Silesia in Katowice,https://us.edu.pl,page title / address matches the name
Cochin University of Science and Technology,https://www.cusat.ac.in,domain resolves (DNS); page not reachable from the checking network
University of Qom,https://www.qom.ac.ir,academic domain reachable; title not in Latin script or missing
University of Namibia,https://www.unam.edu.na,page title / address matches the name
University of Zimbabwe,https://www.uz.ac.zw,page title / address matches the name
Zhejiang Chinese Medical University,https://www.zcmu.edu.cn,page title / address matches the name
Zanjan University of Medical Sciences,https://www.zums.ac.ir,page title / address matches the name
University of Zanjan,https://www.znu.ac.ir,page title / address matches the name
Xuzhou Medical University,https://www.xzhmu.edu.cn,academic domain reachable; title not in Latin script or missing
Xiangtan University,https://www.xtu.edu.cn,academic domain reachable; title not in Latin script or missing
Wuhan Textile University,https://www.wtu.edu.cn,page title / address matches the name
Wrocław University of Environmental and Life Sciences,https://upwr.edu.pl,domain resolves (DNS); page not reachable from the checking network
West University of Timişoara,https://www.uvt.ro,"reachable; title in the local language, checked by hand"
University of Western Macedonia,https://www.uowm.gr,"reachable; title in the local language, checked by hand"
Walailak University,https://www.wu.ac.th,page title / address matches the name
Volgograd State University,https://volsu.ru,"reachable; title in the local language, checked by hand"
"Visvesvaraya National Institute of Technology, Nagpur",https://vnit.ac.in,domain resolves (DNS); page not reachable from the checking network
Veltech University,https://www.veltech.edu.in,page title / address matches the name
Unisinos University,https://www.unisinos.br,domain resolves (DNS); page not reachable from the checking network
UNIR – International University of La Rioja,https://www.unir.net,page title / address matches the name
Tzu Chi University,https://www.tcu.edu.tw,page title / address matches the name
University of Monastir,https://www.um.rnu.tn,domain resolves (DNS); page not reachable from the checking network
University of Guilan,https://guilan.ac.ir,domain resolves (DNS); page not reachable from the checking network
University of Diyala,https://www.uodiyala.edu.iq,page title / address matches the name
University of Manouba,https://www.uma.rnu.tn,page title / address matches the name
University of Chester,https://www.chester.ac.uk,page title / address matches the name
University of Burgos,https://www.ubu.es,page title / address matches the name
University of Botswana,https://www.ub.bw,page title / address matches the name
University of Ilorin,https://www.unilorin.edu.ng,page title / address matches the name
University of Carthage,https://www.ucar.rnu.tn,page title / address matches the name
University of Lethbridge,https://www.ulethbridge.ca,page title / address matches the name
Universidade Federal do Ceará (UFC),https://www.ufc.br,page title / address matches the name
University of Texas Rio Grande Valley,https://www.utrgv.edu,page title / address matches the name
University of Technology of Compiègne,https://www.utc.fr,page title / address matches the name
Universitas Syiah Kuala,https://usk.ac.id,page title / address matches the name
University of Sunderland,https://www.sunderland.ac.uk,page title / address matches the name
Universiti Sultan Zainal Abidin,https://www.unisza.edu.my,page title / address matches the name
St Marianna University School of Medicine,https://www.marianna-u.ac.jp,page title / address matches the name
Sri Venkateswara University,https://www.svuniversity.edu.in,page title / address matches the name
Southwest Petroleum University,https://www.swpu.edu.cn,academic domain reachable; title not in Latin script or missing
South Valley University,https://www.svu.edu.eg,page title / address matches the name
Université Sorbonne Nouvelle,https://www.sorbonne-nouvelle.fr,page title / address matches the name
Université de Skikda,https://www.univ-skikda.dz,page title / address matches the name
Shiga University of Medical Science,https://www.shiga-med.ac.jp,page title / address matches the name
Shahid Sadoughi University of Medical Sciences,https://www.ssu.ac.ir,domain resolves (DNS); page not reachable from the checking network
Yuriy Fedkovych Chernivtsi National University,https://www.chnu.edu.ua,academic domain reachable; title not in Latin script or missing
University of Yamanashi,https://www.yamanashi.ac.jp,page title / address matches the name
Yamagata University,https://www.yamagata-u.ac.jp,page title / address matches the name
Adolfo Ibáñez University,https://www.uai.cl,page title / address matches the name
Toho University,https://www.toho-u.ac.jp,page title / address matches the name
Georgia Southern University,https://www.georgiasouthern.edu,page title / address matches the name
National Kaohsiung University of Science and Technology,https://www.nkust.edu.tw,page title / address matches the name
Technical University of Crete,https://www.tuc.gr,page title / address matches the name
SASTRA University,https://www.sastra.edu,page title / address matches the name
Sapporo Medical University,https://web.sapmed.ac.jp,academic domain reachable; title not in Latin script or missing
Saitama Medical University,https://www.saitama-med.ac.jp,page title / address matches the name
Université Saint-Joseph de Beyrouth,https://www.usj.edu.lb,page title / address matches the name
Port Said University,https://www.psu.edu.eg,page title / address matches the name
Polytechnic Institute of Porto,https://www.ipp.pt,domain resolves (DNS); page not reachable from the checking network
Pirogov Russian National Research Medical University,https://rsmu.ru,"reachable; title in the local language, checked by hand"
Persian Gulf University,https://www.pgu.ac.ir,domain resolves (DNS); page not reachable from the checking network
University of Pau and Pays de l’Adour,https://www.univ-pau.fr,page title / address matches the name
Oles Honchar Dnipro National University,https://www.dnu.dp.ua,"reachable; title in the local language, checked by hand"
Ochanomizu University,https://www.ocha.ac.jp,academic domain reachable; title not in Latin script or missing
University of Nigeria Nsukka,https://www.unn.edu.ng,page title / address matches the name
National Research University of Electronic Technology (MIET),https://www.miet.ru,page title / address matches the name
National Institute of Technology Srinagar,https://nitsri.ac.in,page title / address matches the name
Tribhuvan University,https://tu.edu.np,page title / address matches the name
Thiagarajar College of Engineering,https://www.tce.edu,page title / address matches the name
Tezpur University,https://www.tezu.ernet.in,domain resolves (DNS); page not reachable from the checking network
Sohag University,https://www.sohag-univ.edu.eg,page title / address matches the name
Chosun University,https://www.chosun.ac.kr,page title / address matches the name
I-Shou University,https://www.isu.edu.tw,page title / address matches the name
University of Shanghai for Science and Technology,https://www.usst.edu.cn,academic domain reachable; title not in Latin script or missing
Ariel University,https://www.ariel.ac.il,page title / address matches the name
Opole University of Technology,https://po.edu.pl,"reachable; title in the local language, checked by hand"
Pontifical Javeriana University,https://www.javeriana.edu.co,page title / address matches the name
Chang Gung University of Science and Technology,https://www.cgust.edu.tw,page title / address matches the name
Moscow Power Engineering Institute,https://mpei.ru,page title / address matches the name
Moscow Aviation Institute,https://mai.ru,page title / address matches the name
Metropolitan Autonomous University,https://www.uam.mx,page title / address matches the name
University of Medicine and Pharmacy of Craiova,https://www.umfcv.ro,"reachable; title in the local language, checked by hand"
Medical University of Sofia,https://mu-sofia.bg,page title / address matches the name
Medical University of Lublin,https://www.umlub.pl,page title / address matches the name
University of Mauritius,https://www.uom.ac.mu,page title / address matches the name
University of Marrakech Cadi Ayyad,https://www.uca.ma,page title / address matches the name
Manipal University Jaipur,https://jaipur.manipal.edu,page title / address matches the name
Universidade Lusófona,https://www.ulusofona.pt,domain resolves (DNS); page not reachable from the checking network
Universidad Loyola,https://www.uloyola.es,page title / address matches the name
Kharkiv Aviation Institute,https://khai.edu,academic domain reachable; title not in Latin script or missing
Kharazmi University,https://khu.ac.ir,academic domain reachable; title not in Latin script or missing
Shahid Bahonar University of Kerman,https://uk.ac.ir,academic domain reachable; title not in Latin script or missing
Semnan University of Medical Sciences and Health Services,https://www.semums.ac.ir,academic domain reachable; title not in Latin script or missing
Selçuk University,https://www.selcuk.edu.tr,page title / address matches the name
KL University,https://www.kluniversity.in,"reachable; title in the local language, checked by hand"
Kazan National Research Technological University,https://www.kstu.ru,domain resolves (DNS); page not reachable from the checking network
Kagawa University,https://www.kagawa-u.ac.jp,page title / address matches the name
Tokyo University of Marine Science and Technology,https://www.kaiyodai.ac.jp,academic domain reachable; title not in Latin script or missing
Ilia State University,https://iliauni.edu.ge,page title / address matches the name
Mie University,https://www.mie-u.ac.jp,academic domain reachable; title not in Latin script or missing
Ehime University,https://www.ehime-u.ac.jp,page title / address matches the name
Istanbul Medeniyet University,https://www.medeniyet.edu.tr,page title / address matches the name
Indian Institute of Science Education and Research Bhopal,https://www.iiserb.ac.in,page title / address matches the name
Ibn Tofaïl University,https://www.uit.ac.ma,page title / address matches the name
Hyogo Medical University,https://www.hyo-med.ac.jp,academic domain reachable; title not in Latin script or missing
University of Hormozgan,https://www.hormozgan.ac.ir,page title / address matches the name
Université Polytechnique Hauts-de-France,https://www.uphf.fr,page title / address matches the name
Université Hassan II de Casablanca,https://www.univh2c.ma,page title / address matches the name
Halmstad University,https://www.hh.se,page title / address matches the name
Gyeongsang National University,https://www.gnu.ac.kr,page title / address matches the name
Guru Jambheshwar University of Science and Technology,https://www.gjust.ac.in,page title / address matches the name
Government College University Lahore,https://gcu.edu.pk,page title / address matches the name
Ferhat Abbas Sétif University 1,https://www.univ-setif.dz,page title / address matches the name
National University of Distance Education (UNED),https://www.uned.es,page title / address matches the name
National Chin-Yi University of Technology,https://www.ncut.edu.tw,academic domain reachable; title not in Latin script or missing
National Changhua University of Education,https://www.ncue.edu.tw,page title / address matches the name
Showa University,https://www.showa-u.ac.jp,page title / address matches the name
Nagaoka University of Technology,https://www.nagaokaut.ac.jp,page title / address matches the name
Universitas Gadjah Mada,https://ugm.ac.id,page title / address matches the name
Duzce University,https://www.duzce.edu.tr,page title / address matches the name
Incheon National University,https://www.inu.ac.kr,page title / address matches the name
The University of Electro-Communications,https://www.uec.ac.jp,page title / address matches the name
"University of Education, Lahore",https://ue.edu.pk,"reachable; title in the local language, checked by hand"
Universidade Eduardo Mondlane,https://www.uem.mz,page title / address matches the name
Dow University of Health Sciences,https://www.duhs.edu.pk,page title / address matches the name
Chung Shan Medical University,https://www.csmu.edu.tw,page title / address matches the name
Christ University Bengaluru India,https://christuniversity.in,page title / address matches the name
Universidad Católica San Antonio de Murcia (UCAM),https://www.ucam.edu,page title / address matches the name
Cardiff Metropolitan University,https://www.cardiffmet.ac.uk,page title / address matches the name
Bu-Ali Sina University,https://basu.ac.ir,page title / address matches the name
B. S. Abdur Rahman Crescent Institute of Science and Technology,https://crescent.education,page title / address matches the name
Instituto Politécnico de Bragança,https://portal3.ipb.pt,domain resolves (DNS); page not reachable from the checking network
Botswana International University of Science and Technology (BIUST),https://www.biust.ac.bw,page title / address matches the name
BINUS University,https://binus.ac.id,page title / address matches the name
Karabük University,https://www.karabuk.edu.tr,page title / address matches the name
The John Paul II Catholic University of Lublin,https://www.kul.pl,domain resolves (DNS); page not reachable from the checking network
The Jikei University School of Medicine,https://www.jikei.ac.jp,page title / address matches the name
Bezmiâlem Vakif University,https://bezmialem.edu.tr,page title / address matches the name
Banasthali University,https://www.banasthali.org,page title / address matches the name
Autonomous University of Sinaloa,https://www.uas.edu.mx,page title / address matches the name
Atılım University,https://www.atilim.edu.tr,page title / address matches the name
University of Antofagasta,https://www.uantof.cl,"reachable; title in the local language, checked by hand"
"University of the Andes, Chile",https://www.uandes.cl,page title / address matches the name
Allameh Tabataba ’i University,https://atu.ac.ir,domain resolves (DNS); page not reachable from the checking network
"The University of Agriculture, Peshawar",https://www.aup.edu.pk,page title / address matches the name
Acharya Nagarjuna University,https://www.nagarjunauniversity.ac.in,page title / address matches the name
Federal University of Lavras,https://ufla.br,page title / address matches the name
Federal University of Goiás,https://ufg.br,page title / address matches the name
Federal University of Espírito Santo,https://www.ufes.br,page title / address matches the name
Al-Nahrain University,https://nahrainuniv.edu.iq,page title / address matches the name
Jiangsu Normal University,https://www.jsnu.edu.cn,academic domain reachable; title not in Latin script or missing
Başkent University,https://www.baskent.edu.tr,page title / address matches the name
Kochi University of Technology,https://www.kochi-tech.ac.jp,page title / address matches the name
Shahed University,https://shahed.ac.ir,page title / address matches the name
Shizuoka University,https://www.shizuoka.ac.jp,page title / address matches the name
University of Shizuoka,https://www.u-shizuoka-ken.ac.jp,page title / address matches the name
Reshetnev Siberian State University of Science and Technology,https://www.sibsau.ru,"reachable; title in the local language, checked by hand"
Siberian State Medical University,https://ssmu.ru,page title / address matches the name
Sichuan University of Science and Engineering,https://www.suse.edu.cn,page title / address matches the name
University of Sistan and Baluchestan,https://usb.ac.ir,domain resolves (DNS); page not reachable from the checking network
Sivas Cumhuriyet University,https://www.cumhuriyet.edu.tr,page title / address matches the name
Srinakharinwirot University,https://www.swu.ac.th,academic domain reachable; title not in Latin script or missing
Saints Cyril and Methodius University in Skopje,https://www.ukim.edu.mk,academic domain reachable; title not in Latin script or missing
State University of Ponta Grossa,https://www2.uepg.br,"reachable; title in the local language, checked by hand"
State University of Santa Cruz,https://www.uesc.br,page title / address matches the name
Université Sultan Moulay Slimane,https://www.usms.ac.ma,page title / address matches the name
Alzahra University,https://www.alzahra.ac.ir,page title / address matches the name
Tokyo University of Agriculture,https://www.nodai.ac.jp,academic domain reachable; title not in Latin script or missing
Tokyo City University,https://www.tcu.ac.jp,page title / address matches the name
Tokyo Denki University,https://www.dendai.ac.jp,academic domain reachable; title not in Latin script or missing
Tomsk State University of Control Systems and Radioelectronics,https://tusur.ru,"reachable; title in the local language, checked by hand"
Tottori University,https://www.tottori-u.ac.jp,page title / address matches the name
Toyama Prefectural University,https://www.pu-toyama.ac.jp,page title / address matches the name
Ufa State Petroleum Technological University,https://rusoil.net,domain resolves (DNS); page not reachable from the checking network
Uşak University,https://www.usak.edu.tr,page title / address matches the name
Utsunomiya University,https://www.utsunomiya-u.ac.jp,page title / address matches the name
Uzhhorod National University,https://www.uzhnu.edu.ua,domain resolves (DNS); page not reachable from the checking network
Van Yüzüncü Yil University,https://www.yyu.edu.tr,domain resolves (DNS); page not reachable from the checking network
Instituto Politécnico de Viana do Castelo,https://www.ipvc.pt,page title / address matches the name
"Vignan’s Foundation for Science, Technology and Research",https://vignan.ac.in,"reachable; title in the local language, checked by hand"
V.I. Vernadsky Crimean Federal University (Vernadsky CFU),https://cfuv.ru,"reachable; title in the local language, checked by hand"
Bozok University,https://bozok.edu.tr,page title / address matches the name
Ming Chuan University,https://www.mcu.edu.tw,page title / address matches the name
Chubu University,https://www.chubu.ac.jp,page title / address matches the name
National Chiayi University,https://www.ncyu.edu.tw,academic domain reachable; title not in Latin script or missing
National Chi Nan University,https://www.ncnu.edu.tw,page title / address matches the name
Arak University,https://www.araku.ac.ir,domain resolves (DNS); page not reachable from the checking network
Fukuoka University,https://www.fukuoka-u.ac.jp,page title / address matches the name
Omsk State Technical University,https://omgtu.ru,"reachable; title in the local language, checked by hand"
Burapha University,https://www.buu.ac.th,page title / address matches the name
Londrina State University,https://www.uel.br,page title / address matches the name
Bialystok University of Technology,https://pb.edu.pl,"reachable; title in the local language, checked by hand"
Hindustan Institute of Technology and Science,https://hindustanuniv.ac.in,page title / address matches the name
Chiba Institute of Technology,https://www.it-chiba.ac.jp,page title / address matches the name
Hosei University,https://www.hosei.ac.jp,page title / address matches the name
Chuo University,https://www.chuo-u.ac.jp,page title / address matches the name
Iwate University,https://www.iwate-u.ac.jp,page title / address matches the name
GITAM University,https://www.gitam.edu,page title / address matches the name
Jianghan University,https://www.jhun.edu.cn,academic domain reachable; title not in Latin script or missing
Kanagawa University,https://www.kanagawa-u.ac.jp,page title / address matches the name
National Ilan University,https://www.niu.edu.tw,page title / address matches the name
Samara State Technical University,https://samgtu.ru,"reachable; title in the local language, checked by hand"
Kazan National Research Technical University,https://kai.ru,"reachable; title in the local language, checked by hand"
Penza State University,https://pnzgu.ru,domain resolves (DNS); page not reachable from the checking network
Perm State University,https://www.psu.ru,page title / address matches the name
NED University of Engineering and Technology,https://www.neduet.edu.pk,"reachable; title in the local language, checked by hand"
Ryukoku University,https://www.ryukoku.ac.jp,page title / address matches the name
Kogakuin University,https://www.kogakuin.ac.jp,page title / address matches the name
REVA University,https://www.reva.edu.in,page title / address matches the name
Aksaray University,https://www.aksaray.edu.tr,page title / address matches the name
Meijo University,https://www.meijo-u.ac.jp,page title / address matches the name
Middle Technical University,https://mtu.edu.iq,page title / address matches the name
University of Sciences and Technology Houari Boumediene,https://www.usthb.dz,page title / address matches the name
Goa University,https://www.unigoa.ac.in,"reachable; title in the local language, checked by hand"
Kansai University,https://www.kansai-u.ac.jp,page title / address matches the name
Perm National Research Polytechnic University,https://pstu.ru,"reachable; title in the local language, checked by hand"
Saga University,https://www.saga-u.ac.jp,page title / address matches the name
Ordu University,https://www.odu.edu.tr,page title / address matches the name
CES University,https://www.ces.edu.co,"reachable; title in the local language, checked by hand"
Dicle University,https://www.dicle.edu.tr,page title / address matches the name
Bursa Technical University,https://www.btu.edu.tr,page title / address matches the name
Technical University of Sofia,https://www.tu-sofia.bg,page title / address matches the name
Akita University,https://www.akita-u.ac.jp,page title / address matches the name
Osaka Institute of Technology,https://www.oit.ac.jp,page title / address matches the name
Shimane University,https://www.shimane-u.ac.jp,page title / address matches the name
Oita University,https://www.oita-u.ac.jp,page title / address matches the name
Sofia University,https://www.uni-sofia.bg,page title / address matches the name
Southwest State University,https://swsu.ru,domain resolves (DNS); page not reachable from the checking network
Lagos State University,https://lasu.edu.ng,page title / address matches the name
State University of Bahia,https://portal.uneb.br,domain resolves (DNS); page not reachable from the checking network
Tula State University,https://tsu.tula.ru,domain resolves (DNS); page not reachable from the checking network
Technical University of Loja,https://www.utpl.edu.ec,"reachable; title in the local language, checked by hand"
Teikyo University,https://www.teikyo-u.ac.jp,page title / address matches the name
Catholic University of the North,https://www.ucn.cl,"reachable; title in the local language, checked by hand"
Toyo University,https://www.toyo.ac.jp,page title / address matches the name
National United University,https://www.nuu.edu.tw,page title / address matches the name
Universidad Autónoma de Coahuila,https://www.uadec.mx,page title / address matches the name
Comillas Pontifical University,https://www.comillas.edu,page title / address matches the name
Universitas Sriwijaya,https://www.unsri.ac.id,domain resolves (DNS); page not reachable from the checking network
Universiti Teknologi MARA,https://uitm.edu.my,academic domain reachable; title not in Latin script or missing
University of Anbar,https://www.uoanbar.edu.iq,page title / address matches the name
University of Kerbala,https://uokerbala.edu.iq,page title / address matches the name
University of Biskra,https://univ-biskra.dz,page title / address matches the name
University of Batna 2,https://www.univ-batna2.dz,page title / address matches the name
University of Benin,https://uniben.edu,academic domain reachable; title not in Latin script or missing
University of Birjand,https://birjand.ac.ir,page title / address matches the name
University of Hyogo,https://www.u-hyogo.ac.jp,page title / address matches the name
University of Colima,https://www.ucol.mx,"reachable; title in the local language, checked by hand"
Adelphi University,https://www.adelphi.edu,page title / address matches the name
University of Jijel,https://www.univ-jijel.dz,page title / address matches the name
University of Béjaïa,https://www.univ-bejaia.dz,page title / address matches the name
University of Kelaniya,https://www.kln.ac.lk,"reachable; title in the local language, checked by hand"
University of Fukui,https://www.u-fukui.ac.jp,page title / address matches the name
University of Laghouat,https://www.lagh-univ.dz,page title / address matches the name
University of Los Lagos,https://www.ulagos.cl,page title / address matches the name
University of Mascara,https://www.univ-mascara.dz,page title / address matches the name
University of Miyazaki,https://www.miyazaki-u.ac.jp,page title / address matches the name
Universidad Autónoma de Ciudad Juárez,https://www.uacj.mx,page title / address matches the name
Autonomous University of Baja California,https://www.uabc.mx,domain resolves (DNS); page not reachable from the checking network
Badji Mokhtar University – Annaba,https://www.univ-annaba.dz,page title / address matches the name
Chelyabinsk State University,https://www.csu.ru,page title / address matches the name
Chinese Culture University,https://www.pccu.edu.tw,page title / address matches the name
Université Chouaïb Doukkali,https://www.ucd.ac.ma,page title / address matches the name
Université 8 Mai 1945 Guelma,https://www.univ-guelma.dz,page title / address matches the name
University Abdelhamid Ibn Badis Mostaganem,https://www.univ-mosta.dz,academic domain reachable; title not in Latin script or missing
Abdelmalek Essaâdi University,https://www.uae.ac.ma,page title / address matches the name
University of Abou Bekr Belkaïd Tlemcen,https://www.univ-tlemcen.dz,page title / address matches the name
Acıbadem University,https://www.acibadem.edu.tr,academic domain reachable; title not in Latin script or missing
Afe Babalola University,https://www.abuad.edu.ng,page title / address matches the name
"University of the Andes, Venezuela",https://www.ula.ve,page title / address matches the name
Ankara Yildirim Beyazit University,https://aybu.edu.tr,page title / address matches the name
Antonio Nariño University,https://www.uan.edu.co,domain resolves (DNS); page not reachable from the checking network
Federal University of Itajubá,https://unifei.edu.br,page title / address matches the name
Universidade Federal do Maranhão (UFMA),https://portalpadrao.ufma.br,page title / address matches the name
Federal University of Mato Grosso do Sul,https://www.ufms.br,page title / address matches the name
Bharath Institute of Higher Education and Research,https://www.bharathuniv.ac.in,page title / address matches the name
Bharati Vidyapeeth University,https://www.bvuniversity.edu.in,page title / address matches the name
Bilecik Şeyh Edebali University,https://www.bilecik.edu.tr,page title / address matches the name
Blida 1 University,https://www.univ-blida.dz,page title / address matches the name
Bolu Abant Izzet Baysal University,https://www.ibu.edu.tr,page title / address matches the name
Bursa Uludağ University,https://uludag.edu.tr,page title / address matches the name
Çankırı Karatekin University,https://www.karatekin.edu.tr,page title / address matches the name
Catholic University of Brasília,https://ucb.catolica.edu.br,page title / address matches the name
University of Caxias do Sul,https://www.ucs.br,page title / address matches the name
Ceará State University,https://www.uece.br,page title / address matches the name
Manisa Celal Bayar University,https://www.mcbu.edu.tr,page title / address matches the name
Centro Federal de Educação Tecnológica Celso Suckow da Fonseca (CEFET-RJ),https://www.cefet-rj.br,page title / address matches the name
College of Charleston,https://charleston.edu,page title / address matches the name
Hitit University,https://www.hitit.edu.tr,page title / address matches the name
Ibaraki University,https://www.ibaraki.ac.jp,page title / address matches the name
Industrial University of Tyumen,https://www.tyuiu.ru,"reachable; title in the local language, checked by hand"
Communication University of China,https://www.cuc.edu.cn,page title / address matches the name
University of Dar es Salaam,https://www.udsm.ac.tz,page title / address matches the name
University for Development Studies,https://www.uds.edu.gh,page title / address matches the name
Dokkyo Medical University,https://www.dokkyomed.ac.jp,page title / address matches the name
Dumlupinar University,https://www.dpu.edu.tr,"reachable; title in the local language, checked by hand"
Dunarea de Jos University of Galati,https://www.ugal.ro,page title / address matches the name
El Bosque University,https://www.unbosque.edu.co,page title / address matches the name
Erzincan Binali Yıldırım University,https://www.ebyu.edu.tr,page title / address matches the name
Eskişehir Osmangazi University,https://www.ogu.edu.tr,page title / address matches the name
Universidade Estadual do Norte Fluminense Darcy Ribeiro,https://uenf.br,domain resolves (DNS); page not reachable from the checking network
Universidade Estadual do Oeste do Paraná (Unioeste),https://www.unioeste.br,page title / address matches the name
"Federal University of Agriculture, Abeokuta",https://www.funaab.edu.ng,page title / address matches the name
Kirikkale University,https://www.kku.edu.tr,"reachable; title in the local language, checked by hand"
Kırşehir Ahi Evran University,https://www.ahievran.edu.tr,page title / address matches the name
Kocaeli University,https://www.kocaeli.edu.tr,page title / address matches the name
Universidade Federal de Ouro Preto (UFOP),https://ufop.br,domain resolves (DNS); page not reachable from the checking network
Federal University of Pará,https://ufpa.br,page title / address matches the name
Federal Rural University of Pernambuco,https://www.ufrpe.br,"reachable; title in the local language, checked by hand"
Universidade Federal Rural do Semi-Arido,https://ufersa.edu.br,page title / address matches the name
University of Fortaleza (UNIFOR),https://www.unifor.br,page title / address matches the name
Université Frères Mentouri Constantine 1,https://www.umc.edu.dz,domain resolves (DNS); page not reachable from the checking network
Université de Gabès,https://www.univgb.rnu.tn,domain resolves (DNS); page not reachable from the checking network
Gaziantep University,https://www.gantep.edu.tr,page title / address matches the name
Grigore T. Popa University of Medicine and Pharmacy,https://www.umfiasi.ro,page title / address matches the name
Gubkin Russian State University of Oil and Gas,https://www.gubkin.ru,domain resolves (DNS); page not reachable from the checking network
Université Hassan 1er,https://www.uh1.ac.ma,page title / address matches the name
Hassiba Benbouali University of Chlef,https://www.univ-chlef.dz,page title / address matches the name
Hellenic Open University,https://www.eap.gr,domain resolves (DNS); page not reachable from the checking network
M’Hamed Bougara University of Boumerdès,https://www.univ-boumerdes.dz,page title / address matches the name
University Mohamed Boudiaf of M’Sila,https://www.univ-msila.dz,page title / address matches the name
Université Mohammed Premier,https://www.ump.ma,domain resolves (DNS); page not reachable from the checking network
Inönü University,https://www.inonu.edu.tr,page title / address matches the name
International Hellenic University,https://www.ihu.gr,page title / address matches the name
Istanbul Medipol University,https://www.medipol.edu.tr,page title / address matches the name
Ivanovo State University of Chemistry and Technology,https://www.isuct.ru,page title / address matches the name
Izmir University of Economics,https://www.ieu.edu.tr,page title / address matches the name
Jan Evangelista Purkyně University,https://www.ujep.cz,page title / address matches the name
Jan Kochanowski University in Kielce,https://www.ujk.edu.pl,page title / address matches the name
Jember University,https://unej.ac.id,page title / address matches the name
Kanazawa Medical University,https://www.kanazawa-med.ac.jp,page title / address matches the name
Karadeniz Technical University,https://www.ktu.edu.tr,page title / address matches the name
Université Kasdi Merbah Ouargla,https://www.univ-ouargla.dz,page title / address matches the name
Kazan State Medical University,https://kazangmu.ru,page title / address matches the name
Kemerovo State University,https://kemsu.ru,domain resolves (DNS); page not reachable from the checking network
Nizhny Novgorod State Technical University,https://www.nntu.ru,"reachable; title in the local language, checked by hand"
Nnamdi Azikiwe University,https://unizik.edu.ng,page title / address matches the name
North-Caucasus Federal University,https://www.ncfu.ru,page title / address matches the name
Kyoto Sangyo University,https://www.kyoto-su.ac.jp,page title / address matches the name
Ladoke Akintola University of Technology,https://www.lautech.edu.ng,page title / address matches the name
Lahore College for Women University (LCWU),https://www.lcwu.edu.pk,page title / address matches the name
Latvia University of Life Sciences and Technologies,https://www.lbtu.lv,"reachable; title in the local language, checked by hand"
University of Life Sciences in Lublin,https://up.lublin.pl,page title / address matches the name
Lobachevsky State University of Nizhni Novgorod,https://www.unn.ru,"reachable; title in the local language, checked by hand"
University of Lucknow,https://www.lkouniv.ac.in,domain resolves (DNS); page not reachable from the checking network
University of Macerata (UNIMC),https://www.unimc.it,page title / address matches the name
Mahasarakham University,https://www.msu.ac.th,page title / address matches the name
Universiti Malaysia Kelantan,https://www.umk.edu.my,page title / address matches the name
Maria Curie-Skłodowska University (UMCS),https://www.umcs.pl,page title / address matches the name
Matej Bel University,https://www.umb.sk,page title / address matches the name
Universidad Mayor,https://www.umayor.cl,page title / address matches the name
Ovidius University of Constanța,https://www.univ-ovidius.ro,page title / address matches the name
Pamukkale University,https://www.pau.edu.tr,page title / address matches the name
Pavlov First Saint Petersburg State Medical University,https://www.1spbgmu.ru,"reachable; title in the local language, checked by hand"
University of Montenegro,https://www.ucg.ac.me,"reachable; title in the local language, checked by hand"
Moscow Polytechnic University,https://mospolytech.ru,"reachable; title in the local language, checked by hand"
Moscow State University of Civil Engineering,https://mgsu.ru,domain resolves (DNS); page not reachable from the checking network
Moulay Ismail University,https://www.umi.ac.ma,page title / address matches the name
Université Mouloud Mammeri de Tizi-Ouzou,https://www.ummto.dz,page title / address matches the name
Muroran Institute of Technology,https://www.muroran-it.ac.jp,page title / address matches the name
University of Mysore,https://uni-mysore.ac.in,domain resolves (DNS); page not reachable from the checking network
Nara Women’s University,https://www.nara-wu.ac.jp,page title / address matches the name
National Aviation University,https://nau.edu.ua,page title / address matches the name
National Formosa University,https://www.nfu.edu.tw,page title / address matches the name
National University of Kaohsiung,https://www.nuk.edu.tw,page title / address matches the name
National University of Medical Sciences (NUMS),https://numspak.edu.pk,page title / address matches the name
Universitas Negeri Surabaya,https://www.unesa.ac.id,page title / address matches the name
Saratov State Medical University,https://sgmu.ru,"reachable; title in the local language, checked by hand"
University of Science and Technology of Oran Mohamed-Boudiaf,https://www.univ-usto.dz,academic domain reachable; title not in Latin script or missing
SGH Warsaw School of Economics,https://www.sgh.waw.pl,"reachable; title in the local language, checked by hand"
"University of the North, Colombia",https://www.uninorte.edu.co,academic domain reachable; title not in Latin script or missing
North-Eastern Federal University,https://www.s-vfu.ru,domain resolves (DNS); page not reachable from the checking network
Northern (Arctic) Federal University named after M.V. Lomonosov,https://narfu.ru,domain resolves (DNS); page not reachable from the checking network
North-Western State Medical University named after I.I. Mechnikov,https://szgmu.ru,domain resolves (DNS); page not reachable from the checking network
Universidade Nove de Julho (Uninove),https://www.uninove.br,page title / address matches the name
Nueva Granada Military University,https://www.umng.edu.co,page title / address matches the name
Obafemi Awolowo University,https://oauife.edu.ng,page title / address matches the name
Ogarev Mordovia State University,https://mrsu.ru,"reachable; title in the local language, checked by hand"
Niğde Ömer Halisdemir University,https://www.ohu.edu.tr,page title / address matches the name
Ondokuz Mayis University,https://www.omu.edu.tr,page title / address matches the name
Oran 1 University,https://www.univ-oran1.dz,page title / address matches the name
Osaka Medical and Pharmaceutical University,https://www.ompu.ac.jp,page title / address matches the name
Tamil Nadu Agricultural University,https://tnau.ac.in,domain resolves (DNS); page not reachable from the checking network
Universidade Tecnológica Federal do Paraná (UTFPR),https://www.utfpr.edu.br,page title / address matches the name
Tokat Gaziosmanpaşa University,https://www.gop.edu.tr,page title / address matches the name
Payame Noor University,https://www.pnu.ac.ir,domain resolves (DNS); page not reachable from the checking network
Pedagogical and Technological University of Colombia,https://www.uptc.edu.co,page title / address matches the name
University of the Peloponnese,https://www.uop.gr,"reachable; title in the local language, checked by hand"
University of Pernambuco,https://www.upe.br,page title / address matches the name
University of Port Harcourt,https://www.uniport.edu.ng,page title / address matches the name
Prague University of Economics and Business,https://www.vse.cz,"reachable; title in the local language, checked by hand"
Privolzhsky Research Medical University,https://pimunn.ru,"reachable; title in the local language, checked by hand"
PSG College of Technology,https://www.psgtech.edu,domain resolves (DNS); page not reachable from the checking network
Recep Tayyip Erdoğan University,https://www.erdogan.edu.tr,page title / address matches the name
R V College of Engineering,https://rvce.edu.in,page title / address matches the name
University of the Ryukyus,https://www.u-ryukyu.ac.jp,academic domain reachable; title not in Latin script or missing
Rzeszów University of Technology,https://w.prz.edu.pl,page title / address matches the name
San Sebastián University,https://www.uss.cl,page title / address matches the name
University of Mosul,https://uomosul.edu.iq,page title / address matches the name
University of Phayao,https://www.up.ac.th,academic domain reachable; title not in Latin script or missing
University of Prishtina,https://www.uni-pr.edu,academic domain reachable; title not in Latin script or missing
Yanshan University,https://www.ysu.edu.cn,academic domain reachable; title not in Latin script or missing
University of West Attica,https://www.uniwa.gr,"reachable; title in the local language, checked by hand"
Ufa University of Science and Technology,https://uust.ru,page title / address matches the name
Damghan University,https://du.ac.ir,academic domain reachable; title not in Latin script or missing
Kastamonu University,https://www.kastamonu.edu.tr,page title / address matches the name
Annamalai University,https://annamalaiuniversity.ac.in,page title / address matches the name
Andhra University,https://www.andhrauniversity.edu.in,domain resolves (DNS); page not reachable from the checking network
Yeditepe University,https://yeditepe.edu.tr,page title / address matches the name
Zonguldak Bülent Ecevit University,https://w3.beun.edu.tr,page title / address matches the name
Volgograd State Technical University,https://www.vstu.ru,page title / address matches the name
Voronezh State Technical University,https://cchgeu.ru,"reachable; title in the local language, checked by hand"
University of Toyama,https://www.u-toyama.ac.jp,page title / address matches the name
University of Al-Qadisiyah,https://qu.edu.iq,academic domain reachable; title not in Latin script or missing
Institut Teknologi Sepuluh Nopember,https://www.its.ac.id,page title / address matches the name
University of Haifa,https://www.haifa.ac.il,page title / address matches the name
University of Padua,https://www.unipd.it,"reachable; title in the local language, checked by hand"
University of Georgia,https://www.uga.edu,"reachable; title in the local language, checked by hand"
Florida International University,https://www.fiu.edu,page title / address matches the name
Princess Nourah bint Abdulrahman University,https://www.pnu.edu.sa,academic domain reachable; title not in Latin script or missing
"Vietnam National University, Hanoi",https://vnu.edu.vn,"reachable; title in the local language, checked by hand"
Vietnam National University (Ho Chi Minh City),https://vnuhcm.edu.vn,replaces a wrong link; page title / address matches the name
University of the South Pacific,https://www.usp.ac.fj,page title / address matches the name
University of Jeddah,https://uj.edu.sa,academic domain reachable; title not in Latin script or missing
Medical University of Silesia in Katowice,https://sum.edu.pl,"reachable; title in the local language, checked by hand"
Universidade Federal do ABC (UFABC),https://www.ufabc.edu.br,page title / address matches the name
"George Emil Palade University of Medicine, Pharmacy, Science, and Technology of Targu Mures",https://umfst.ro,"reachable; title in the local language, checked by hand"
Ilam University,https://www.ilam.ac.ir,page title / address matches the name
Kochi University,https://www.kochi-u.ac.jp,domain resolves (DNS); page not reachable from the checking network
Universidade Federal de Sergipe,https://www.ufs.br,page title / address matches the name
Universidade Estadual de Maringá,https://www.uem.br,page title / address matches the name
Universidad Católica del Maule,https://www.ucm.cl,page title / address matches the name
Universidad de los Andes - Chile,https://www.uandes.cl,replaces a wrong link; page title / address matches the name
"Universidad Central ""Marta Abreu"" de Las Villas",https://www.uclv.edu.cu,"replaces a wrong link; reachable; title in the local language, checked by hand"
Irkutsk National Research Technical University,https://www.istu.edu,"replaces a wrong link; page title (Russian) names the university, checked by hand"
Karunya Institute of Technology and Sciences,https://www.karunya.edu,replaces a wrong link; page title / address matches the name
